customerID,gender,SeniorCitizen,Partner,Dependents,tenure,PhoneService,MultipleLines,InternetService,OnlineSecurity,OnlineBackup,DeviceProtection,TechSupport,StreamingTV,StreamingMovies,Contract,PaperlessBilling,PaymentMethod,MonthlyCharges,TotalCharges,Churn,received_at
1024-GUALD,Female,0,Yes,No,1,No,No phone service,DSL,No,No,No,No,No,No,Month-to-month,Yes,Electronic check,33.480000000000004,24.8,Yes,2026-09-15T13:18:10.298532
0484-JPBRU,Male,0,No,No,25,Yes,Yes,No,No internet service,No internet service,No internet service,No internet service,No internet service,No internet service,Month-to-month,Yes,Bank transfer (automatic),34.087500000000006,996.45,No,2026-09-15T13:18:10.298532
3620-EHIMZ,Female,0,Yes,Yes,31,Yes,No,No,No internet service,No internet service,No internet service,No internet service,No internet service,No internet service,Two year,No,Mailed check,26.122500000000002,1031.7,No,2026-09-15T13:18:10.298532
6910-HADCM,Female,0,No,No,1,Yes,No,Fiber optic,No,No,Yes,No,No,No,Month-to-month,No,Electronic check,103.0725,76.35,Yes,2026-09-15T13:18:10.298532
8587-XYZSF,Male,0,No,No,40,Yes,No,DSL,No,No,No,Yes,No,No,Two year,No,Bank transfer (automatic),68.2425,3260.1,No,2026-09-15T13:18:10.298532
6818-WOBHJ,Female,1,Yes,No,41,Yes,Yes,Fiber optic,No,Yes,No,No,No,Yes,Month-to-month,Yes,Bank transfer (automatic),120.96,6127.6,Yes,2026-09-15T13:18:10.298532
3082-YVEKW,Female,0,Yes,Yes,14,Yes,Yes,DSL,Yes,No,Yes,Yes,Yes,No,Two year,Yes,Bank transfer (automatic),104.15250000000002,1759.4,No,2026-09-15T13:18:10.298532
4737-AQCPU,Male,0,Yes,Yes,43,Yes,Yes,DSL,Yes,Yes,Yes,Yes,No,No,Two year,No,Credit card (automatic),97.335,5016.65,No,2026-09-15T13:18:10.298532
4853-RULSV,Male,0,No,No,42,Yes,Yes,Fiber optic,Yes,No,No,Yes,Yes,Yes,Two year,Yes,Credit card (automatic),140.4,7250.15,Yes,2026-09-15T13:18:10.298532
5766-ZJYBB,Male,0,No,No,1,Yes,No,No,No internet service,No internet service,No internet service,No internet service,No internet service,No internet service,Month-to-month,No,Mailed check,26.19,19.4,Yes,2026-09-15T13:18:10.298532
2668-TZSPS,Male,0,No,No,1,Yes,No,No,No internet service,No internet service,No internet service,No internet service,No internet service,No internet service,Month-to-month,No,Mailed check,27.6075,20.45,No,2026-09-15T13:18:10.298532
3192-LNKRK,Male,0,Yes,Yes,20,Yes,No,Fiber optic,No,No,Yes,No,Yes,No,Month-to-month,Yes,Mailed check,113.4675,2909.95,No,2026-09-15T13:18:10.298532
5315-CKEQK,Male,1,Yes,Yes,17,Yes,Yes,DSL,No,No,No,No,No,No,One year,Yes,Electronic check,68.85000000000001,1381.8,No,2026-09-15T13:18:10.298532
5914-DVBWJ,Female,1,No,No,11,Yes,Yes,Fiber optic,No,Yes,No,Yes,No,No,Month-to-month,Yes,Electronic check,115.35750000000002,1505.85,Yes,2026-09-15T13:18:10.298532
7998-ZLXWN,Female,0,Yes,No,9,Yes,No,No,No internet service,No internet service,No internet service,No internet service,No internet service,No internet service,Month-to-month,No,Credit card (automatic),27.6075,330.8,No,2026-09-15T13:18:10.298532
6328-ZPBGN,Female,1,No,No,7,Yes,Yes,Fiber optic,No,No,No,No,Yes,Yes,Month-to-month,Yes,Bank transfer (automatic),128.45250000000001,997.65,Yes,2026-09-15T13:18:10.298532
9530-EHPOH,Male,0,No,No,7,Yes,Yes,DSL,No,No,Yes,No,No,No,Month-to-month,No,Electronic check,72.5625,608,Yes,2026-09-15T13:18:10.298532
1853-UDXBW,Male,0,Yes,Yes,1,Yes,No,Fiber optic,No,No,No,No,No,No,Month-to-month,Yes,Electronic check,94.5,70,Yes,2026-09-15T13:18:10.298532
2672-TGEFF,Female,0,Yes,Yes,22,Yes,Yes,Fiber optic,No,Yes,No,No,Yes,No,Month-to-month,Yes,Electronic check,119.88000000000001,3340.55,No,2026-09-15T13:18:10.298532
1902-XBTFB,Male,0,No,Yes,13,Yes,No,Fiber optic,No,Yes,Yes,No,Yes,No,Month-to-month,Yes,Electronic check,120.69000000000001,2001.5,Yes,2026-09-15T13:18:10.298532
1640-PLFMP,Female,0,No,No,1,Yes,No,Fiber optic,No,No,No,No,No,No,Month-to-month,Yes,Electronic check,94.8375,70.25,No,2026-09-15T13:18:10.298532
3679-XASPY,Female,0,Yes,Yes,1,Yes,No,No,No internet service,No internet service,No internet service,No internet service,No internet service,No internet service,Month-to-month,No,Electronic check,26.2575,19.45,No,2026-09-15T13:18:10.298532
7356-IWLFW,Male,0,Yes,Yes,28,Yes,Yes,Fiber optic,No,Yes,No,No,No,No,Month-to-month,Yes,Bank transfer (automatic),108.0,3769.7,No,2026-09-15T13:18:10.298532
9036-CSKBW,Female,0,No,No,31,Yes,Yes,Fiber optic,Yes,Yes,Yes,No,Yes,Yes,One year,No,Bank transfer (automatic),145.0575,5680.9,No,2026-09-15T13:18:10.298532
8952-WCVCD,Female,0,Yes,No,25,Yes,No,Fiber optic,Yes,Yes,Yes,No,Yes,Yes,One year,Yes,Bank transfer (automatic),141.00750000000002,4162.05,No,2026-09-15T13:18:10.298532
2100-BDNSN,Female,0,Yes,No,3,Yes,Yes,DSL,No,No,Yes,Yes,Yes,No,Month-to-month,No,Bank transfer (automatic),91.73250000000002,350.3,Yes,2026-09-15T13:18:10.298532
2869-ADAWR,Female,0,No,No,27,Yes,Yes,Fiber optic,No,Yes,No,No,Yes,No,Month-to-month,Yes,Credit card (automatic),120.555,4016.85,Yes,2026-09-15T13:18:10.298532
5832-EXGTT,Male,0,Yes,Yes,17,Yes,No,DSL,Yes,No,No,No,No,Yes,Month-to-month,Yes,Mailed check,81.27000000000001,1834.15,No,2026-09-15T13:18:10.298532
9402-ORRAH,Female,1,No,No,9,Yes,No,Fiber optic,No,No,No,No,Yes,Yes,Month-to-month,Yes,Electronic check,123.525,1400.3,No,2026-09-15T13:18:10.298532
4967-WPNCF,Male,0,No,No,43,No,No phone service,DSL,Yes,Yes,Yes,Yes,Yes,Yes,Two year,Yes,Bank transfer (automatic),85.995,4464.8,No,2026-09-15T13:18:10.298532
8033-VCZGH,Male,0,Yes,No,30,Yes,Yes,Fiber optic,Yes,No,Yes,No,Yes,Yes,One year,Yes,Electronic check,140.3325,5231.3,No,2026-09-15T13:18:10.298532
9392-XBGTD,Male,0,No,Yes,16,Yes,No,No,No internet service,No internet service,No internet service,No internet service,No internet service,No internet service,Two year,No,Mailed check,27.810000000000002,581.85,No,2026-09-15T13:18:10.298532
0078-XZMHT,Male,0,Yes,No,43,Yes,Yes,DSL,No,Yes,Yes,Yes,Yes,Yes,Two year,Yes,Bank transfer (automatic),114.95250000000001,6316.2,No,2026-09-15T13:18:10.298532
0743-HNPFG,Female,0,Yes,Yes,31,Yes,No,DSL,Yes,Yes,No,Yes,No,Yes,One year,Yes,Credit card (automatic),94.16250000000001,3562.5,No,2026-09-15T13:18:10.298532
5334-JLAXU,Female,0,Yes,No,36,Yes,Yes,Fiber optic,Yes,Yes,No,No,No,Yes,Month-to-month,Yes,Credit card (automatic),127.035,5475.9,No,2026-09-15T13:18:10.298532
5696-EXCYS,Male,0,No,No,10,Yes,No,No,No internet service,No internet service,No internet service,No internet service,No internet service,No internet service,Two year,No,Credit card (automatic),26.2575,369.05,No,2026-09-15T13:18:10.298532
2569-WGERO,Female,0,No,No,43,Yes,No,No,No internet service,No internet service,No internet service,No internet service,No internet service,No internet service,Two year,Yes,Bank transfer (automatic),28.5525,1419.4,No,2026-09-15T13:18:10.298532
5219-YIPTK,Female,0,Yes,No,20,Yes,Yes,Fiber optic,No,Yes,Yes,No,Yes,Yes,Month-to-month,Yes,Electronic check,140.94000000000003,3409.6,Yes,2026-09-15T13:18:10.298532
5553-AOINX,Female,1,Yes,Yes,40,Yes,Yes,Fiber optic,No,Yes,Yes,No,Yes,Yes,One year,Yes,Electronic check,141.615,6891.45,No,2026-09-15T13:18:10.298532
5502-RLUYV,Female,0,Yes,Yes,41,Yes,Yes,Fiber optic,No,Yes,Yes,No,Yes,Yes,Month-to-month,Yes,Electronic check,140.3325,7446.9,Yes,2026-09-15T13:18:10.298532
2058-DCJBE,Male,0,No,No,3,Yes,No,Fiber optic,No,No,No,No,No,No,Month-to-month,Yes,Electronic check,94.16250000000001,324.6,Yes,2026-09-15T13:18:10.298532
2293-IJWPS,Female,0,Yes,No,34,Yes,Yes,Fiber optic,No,No,Yes,No,Yes,Yes,One year,Yes,Credit card (automatic),136.01250000000002,5985,No,2026-09-15T13:18:10.298532
7130-VTEWQ,Female,1,No,No,5,Yes,Yes,Fiber optic,No,No,No,No,No,No,Month-to-month,Yes,Electronic check,102.2625,606.25,Yes,2026-09-15T13:18:10.298532
0080-EMYVY,Female,0,No,No,8,Yes,No,DSL,No,Yes,No,No,No,No,One year,No,Credit card (automatic),69.45750000000001,727.85,No,2026-09-15T13:18:10.298532
0148-DCDOS,Male,0,No,No,15,Yes,Yes,Fiber optic,No,No,No,No,Yes,Yes,Month-to-month,Yes,Bank transfer (automatic),127.84500000000001,2362.1,Yes,2026-09-15T13:18:10.298532
9170-ARBTB,Female,0,Yes,Yes,31,Yes,No,No,No internet service,No internet service,No internet service,No internet service,No internet service,No internet service,One year,No,Credit card (automatic),26.460000000000004,1012.4,No,2026-09-15T13:18:10.298532
2070-FNEXE,Female,1,No,No,4,Yes,No,Fiber optic,Yes,No,No,No,No,No,Month-to-month,No,Bank transfer (automatic),103.20750000000001,503.6,Yes,2026-09-15T13:18:10.298532
5364-EVNIB,Male,0,No,No,8,Yes,No,Fiber optic,No,Yes,Yes,No,No,No,Month-to-month,Yes,Electronic check,107.73,973.45,Yes,2026-09-15T13:18:10.298532
1112-CUNAO,Female,1,No,No,9,Yes,Yes,Fiber optic,No,Yes,No,No,No,Yes,Month-to-month,No,Electronic check,121.2975,1424.95,Yes,2026-09-15T13:18:10.298532
4576-CSAJH,Male,0,No,No,13,Yes,No,DSL,No,Yes,No,Yes,No,No,One year,Yes,Credit card (automatic),74.4525,1193.05,Yes,2026-09-15T13:18:10.298532
9967-ATRFS,Female,0,No,No,11,Yes,No,No,No internet service,No internet service,No internet service,No internet service,No internet service,No internet service,Month-to-month,No,Mailed check,26.865,367.55,No,2026-09-15T13:18:10.298532
1360-RCYRT,Male,0,Yes,Yes,14,No,No phone service,DSL,No,No,No,Yes,No,No,Month-to-month,Yes,Bank transfer (automatic),40.972500000000004,678.75,No,2026-09-15T13:18:10.298532
5038-ETMLM,Female,0,Yes,No,43,Yes,Yes,Fiber optic,Yes,Yes,Yes,Yes,Yes,Yes,Two year,Yes,Bank transfer (automatic),153.4275,8182.75,No,2026-09-15T13:18:10.298532
5663-QBGIS,Male,1,Yes,No,43,Yes,Yes,Fiber optic,No,Yes,No,No,Yes,Yes,Two year,No,Bank transfer (automatic),132.7725,6929.4,No,2026-09-15T13:18:10.298532
4194-WHFCB,Female,0,Yes,Yes,35,Yes,Yes,Fiber optic,No,Yes,No,Yes,No,Yes,Month-to-month,Yes,Bank transfer (automatic),130.47750000000002,5580.8,No,2026-09-15T13:18:10.298532
9481-WHGWY,Female,0,Yes,Yes,42,Yes,No,DSL,Yes,No,No,Yes,Yes,Yes,Two year,No,Credit card (automatic),101.7225,5437.75,No,2026-09-15T13:18:10.298532
5453-YBTWV,Male,0,Yes,Yes,42,Yes,No,Fiber optic,Yes,Yes,Yes,Yes,Yes,No,Two year,Yes,Credit card (automatic),136.485,6994.8,No,2026-09-15T13:18:10.298532
2018-PZKMU,Male,0,Yes,Yes,5,Yes,No,Fiber optic,No,No,Yes,Yes,Yes,Yes,Month-to-month,No,Electronic check,139.185,970.45,No,2026-09-15T13:18:10.298532
9277-JOOMO,Female,0,No,No,2,Yes,Yes,No,No internet service,No internet service,No internet service,No internet service,No internet service,No internet service,Month-to-month,No,Mailed check,33.21,86.35,No,2026-09-15T13:18:10.298532
3629-ZNKXA,Male,1,No,No,10,Yes,No,Fiber optic,No,Yes,Yes,No,Yes,Yes,Month-to-month,Yes,Electronic check,137.43,1752.45,No,2026-09-15T13:18:10.298532
0369-ZGOVK,Female,0,Yes,Yes,17,Yes,No,Fiber optic,No,No,No,No,No,No,One year,Yes,Bank transfer (automatic),95.04000000000002,1992.2,No,2026-09-15T13:18:10.298532
3604-WLABM,Female,0,No,No,6,Yes,No,DSL,No,No,Yes,Yes,No,No,Month-to-month,No,Electronic check,73.23750000000001,583,No,2026-09-15T13:18:10.298532
4063-EIKNQ,Male,0,Yes,Yes,7,Yes,No,No,No internet service,No internet service,No internet service,No internet service,No internet service,No internet service,Month-to-month,No,Bank transfer (automatic),28.282500000000002,267.35,No,2026-09-15T13:18:10.298532
2878-RMWXY,Male,1,Yes,No,43,Yes,Yes,Fiber optic,Yes,Yes,Yes,No,No,Yes,Two year,Yes,Credit card (automatic),138.57750000000001,7550.3,No,2026-09-15T13:18:10.298532
9540-JYROE,Male,0,No,No,5,Yes,No,Fiber optic,No,No,No,No,No,No,Month-to-month,Yes,Mailed check,94.635,551.35,Yes,2026-09-15T13:18:10.298532
7515-LODFU,Male,1,No,No,41,Yes,No,No,No internet service,No internet service,No internet service,No internet service,No internet service,No internet service,Two year,No,Credit card (automatic),27.405,1356.3,No,2026-09-15T13:18:10.298532
1839-FBNFR,Female,0,Yes,Yes,23,Yes,No,No,No internet service,No internet service,No internet service,No internet service,No internet service,No internet service,Two year,Yes,Bank transfer (automatic),26.797500000000003,854.8,No,2026-09-15T13:18:10.298532
5397-NSKQG,Male,0,Yes,Yes,40,No,No phone service,DSL,Yes,No,No,No,Yes,Yes,Two year,No,Credit card (automatic),68.715,3281.65,No,2026-09-15T13:18:10.298532
1755-FZQEC,Male,0,No,No,23,Yes,No,No,No internet service,No internet service,No internet service,No internet service,No internet service,No internet service,One year,No,Mailed check,26.865,791.15,No,2026-09-15T13:18:10.298532
2160-GPFXD,Male,0,Yes,Yes,32,Yes,Yes,DSL,Yes,Yes,No,Yes,No,No,Two year,Yes,Credit card (automatic),88.62750000000001,3566.7,No,2026-09-15T13:18:10.298532
4415-IJZTP,Female,0,No,No,1,Yes,Yes,Fiber optic,No,No,No,No,No,No,Month-to-month,Yes,Electronic check,100.575,74.5,Yes,2026-09-15T13:18:10.298532
9880-TDQAC,Female,0,Yes,Yes,43,No,No phone service,DSL,No,Yes,Yes,Yes,Yes,Yes,Two year,Yes,Electronic check,81.0,4264,No,2026-09-15T13:18:10.298532
5138-WVKYJ,Male,0,No,No,6,Yes,Yes,Fiber optic,Yes,No,No,No,Yes,Yes,Month-to-month,No,Electronic check,133.04250000000002,1008.55,Yes,2026-09-15T13:18:10.298532
8844-TONUD,Male,0,Yes,Yes,8,Yes,No,Fiber optic,No,No,Yes,No,Yes,Yes,Month-to-month,Yes,Mailed check,130.47750000000002,1162.85,Yes,2026-09-15T13:18:10.298532
0080-OROZO,Female,0,No,No,21,Yes,No,Fiber optic,No,No,Yes,Yes,Yes,Yes,One year,Yes,Electronic check,133.9875,3532,No,2026-09-15T13:18:10.298532
0953-LGOVU,Male,0,Yes,Yes,7,No,No phone service,DSL,No,Yes,No,Yes,No,No,Month-to-month,No,Mailed check,47.925000000000004,432.25,No,2026-09-15T13:18:10.298532
5325-UWTWJ,Male,0,Yes,No,19,Yes,Yes,Fiber optic,Yes,Yes,No,Yes,No,No,Month-to-month,Yes,Credit card (automatic),122.2425,2929.75,No,2026-09-15T13:18:10.298532
1074-AMIOH,Female,0,Yes,Yes,32,Yes,No,Fiber optic,No,Yes,Yes,Yes,Yes,Yes,Month-to-month,Yes,Bank transfer (automatic),146.13750000000002,5935.1,No,2026-09-15T13:18:10.298532
5906-BFOZT,Male,0,No,No,1,Yes,No,No,No internet service,No internet service,No internet service,No internet service,No internet service,No internet service,Month-to-month,Yes,Mailed check,26.325000000000003,19.5,No,2026-09-15T13:18:10.298532
7026-YMSBE,Male,0,No,No,18,Yes,No,No,No internet service,No internet service,No internet service,No internet service,No internet service,No internet service,One year,No,Mailed check,26.595000000000002,625.05,No,2026-09-15T13:18:10.298532
6572-ADKRS,Female,0,No,No,28,Yes,No,Fiber optic,No,No,Yes,No,No,No,Month-to-month,Yes,Credit card (automatic),100.98,3548.3,No,2026-09-15T13:18:10.298532
5922-ABDVO,Female,0,Yes,No,11,Yes,Yes,Fiber optic,No,No,Yes,No,No,Yes,Month-to-month,No,Mailed check,121.02750000000002,1761.05,Yes,2026-09-15T13:18:10.298532
6475-VHUIZ,Female,0,Yes,No,14,Yes,No,DSL,No,No,Yes,Yes,No,No,Month-to-month,No,Electronic check,73.23750000000001,1221.55,No,2026-09-15T13:18:10.298532
1324-NLTJE,Female,1,No,No,9,Yes,Yes,DSL,No,No,No,Yes,No,No,Month-to-month,No,Credit card (automatic),74.25,757.1,Yes,2026-09-15T13:18:10.298532
4361-FEBGN,Male,0,No,No,29,Yes,No,No,No internet service,No internet service,No internet service,No internet service,No internet service,No internet service,Two year,No,Credit card (automatic),27.2025,982.95,No,2026-09-15T13:18:10.298532
8393-DLHGA,Male,0,No,Yes,15,Yes,No,Fiber optic,No,Yes,No,No,Yes,Yes,Month-to-month,Yes,Electronic check,129.465,2448.75,Yes,2026-09-15T13:18:10.298532
6769-DCQLI,Male,0,No,No,31,Yes,No,Fiber optic,No,Yes,Yes,Yes,Yes,Yes,One year,Yes,Bank transfer (automatic),141.75,5426.85,Yes,2026-09-15T13:18:10.298532
3018-TFTSU,Male,0,No,No,7,Yes,No,Fiber optic,Yes,No,Yes,No,No,No,Month-to-month,No,Bank transfer (automatic),110.29500000000002,858.6,Yes,2026-09-15T13:18:10.298532
2324-AALNO,Female,0,No,No,29,Yes,Yes,No,No internet service,No internet service,No internet service,No internet service,No internet service,No internet service,One year,No,Bank transfer (automatic),33.142500000000005,1203.95,No,2026-09-15T13:18:10.298532
2300-RQGOI,Female,0,No,No,23,Yes,No,No,No internet service,No internet service,No internet service,No internet service,No internet service,No internet service,Two year,No,Mailed check,27.067500000000003,741.5,No,2026-09-15T13:18:10.298532
6133-OZILE,Female,0,No,No,11,No,No phone service,DSL,No,No,Yes,Yes,No,No,Month-to-month,Yes,Electronic check,47.52000000000001,607.3,No,2026-09-15T13:18:10.298532
7605-SNLQG,Female,0,Yes,No,27,Yes,No,DSL,No,No,Yes,No,No,No,Month-to-month,Yes,Credit card (automatic),67.8375,2221.55,No,2026-09-15T13:18:10.298532
5348-CAGXB,Male,0,No,No,7,Yes,Yes,Fiber optic,No,No,Yes,No,Yes,No,Month-to-month,Yes,Electronic check,120.8925,1021.75,No,2026-09-15T13:18:10.298532
0201-MIBOL,Female,1,No,No,40,Yes,Yes,Fiber optic,Yes,No,No,No,Yes,Yes,Two year,Yes,Bank transfer (automatic),138.24,6471.85,No,2026-09-15T13:18:10.298532
7083-MIOPC,Female,0,No,No,43,Yes,No,No,No internet service,No internet service,No internet service,No internet service,No internet service,No internet service,Two year,No,Credit card (automatic),27.337500000000002,1566.9,No,2026-09-15T13:18:10.298532
0562-KBDVM,Female,0,No,No,42,No,No phone service,DSL,Yes,Yes,Yes,Yes,No,No,Two year,Yes,Bank transfer (automatic),60.21000000000001,3058.15,No,2026-09-15T13:18:10.298532
1173-NOEYG,Female,0,Yes,No,16,Yes,Yes,Fiber optic,No,No,Yes,No,No,Yes,Month-to-month,No,Bank transfer (automatic),121.70250000000001,2423.4,No,2026-09-15T13:18:10.298532
7698-YFGEZ,Male,0,No,No,1,Yes,No,No,No internet service,No internet service,No internet service,No internet service,No internet service,No internet service,Month-to-month,No,Mailed check,27.0,20,No,2026-09-15T13:18:10.298532
9061-TIHDA,Male,1,Yes,No,8,Yes,Yes,Fiber optic,No,No,No,No,Yes,Yes,Month-to-month,Yes,Electronic check,128.5875,1233.65,Yes,2026-09-15T13:18:10.298532
0016-QLJIS,Female,0,Yes,Yes,39,Yes,Yes,DSL,Yes,Yes,Yes,Yes,Yes,Yes,Two year,Yes,Mailed check,122.10750000000002,5957.9,No,2026-09-15T13:18:10.298532
7296-PIXQY,Female,0,Yes,Yes,8,Yes,No,Fiber optic,No,No,No,No,No,No,Month-to-month,No,Electronic check,94.77000000000001,1046.5,No,2026-09-15T13:18:10.298532
9102-IAYHT,Female,0,Yes,Yes,10,Yes,Yes,Fiber optic,No,No,No,No,No,Yes,Month-to-month,Yes,Electronic check,115.35750000000002,1451.6,Yes,2026-09-15T13:18:10.298532
6447-EGDIV,Female,0,No,No,19,Yes,No,No,No internet service,No internet service,No internet service,No internet service,No internet service,No internet service,One year,No,Mailed check,28.282500000000002,683.25,No,2026-09-15T13:18:10.298532
3460-TJBWI,Male,0,Yes,Yes,14,Yes,Yes,No,No internet service,No internet service,No internet service,No internet service,No internet service,No internet service,Two year,No,Mailed check,32.67,609.05,No,2026-09-15T13:18:10.298532
3744-ZBHON,Female,0,No,No,2,Yes,No,No,No internet service,No internet service,No internet service,No internet service,No internet service,No internet service,Month-to-month,No,Electronic check,27.27,65.95,No,2026-09-15T13:18:10.298532
1092-GANHU,Male,0,No,No,10,Yes,No,Fiber optic,No,No,Yes,No,No,No,Month-to-month,Yes,Electronic check,103.47750000000002,1313.55,Yes,2026-09-15T13:18:10.298532
3948-KXDUF,Male,0,No,No,40,Yes,Yes,DSL,Yes,Yes,Yes,Yes,No,No,Two year,No,Bank transfer (automatic),92.8125,4447.55,No,2026-09-15T13:18:10.298532
7284-ZZLOH,Male,0,Yes,No,27,Yes,No,DSL,Yes,No,Yes,No,No,No,Two year,No,Credit card (automatic),71.955,2296.25,No,2026-09-15T13:18:10.298532
6745-JEFZB,Male,0,Yes,No,21,Yes,Yes,Fiber optic,No,No,No,Yes,Yes,No,Month-to-month,Yes,Credit card (automatic),123.525,3236.35,No,2026-09-15T13:18:10.298532
2606-PKWJB,Male,0,No,Yes,24,No,No phone service,DSL,Yes,Yes,No,Yes,No,No,One year,No,Mailed check,54.337500000000006,1564.05,No,2026-09-15T13:18:10.298532
1624-WOIWJ,Female,0,No,No,6,Yes,No,Fiber optic,Yes,No,No,No,Yes,No,Month-to-month,Yes,Mailed check,114.34500000000001,832.05,Yes,2026-09-15T13:18:10.298532
8777-PVYGU,Female,0,Yes,No,31,Yes,No,DSL,Yes,No,Yes,No,Yes,No,One year,Yes,Mailed check,86.805,3410.6,No,2026-09-15T13:18:10.298532
4770-QAZXN,Female,0,No,No,8,Yes,No,No,No internet service,No internet service,No internet service,No internet service,No internet service,No internet service,Month-to-month,No,Credit card (automatic),26.2575,232.1,No,2026-09-15T13:18:10.298532
8012-SOUDQ,Female,1,No,No,26,Yes,Yes,Fiber optic,No,Yes,No,No,Yes,No,Month-to-month,Yes,Electronic check,121.8375,3838.75,No,2026-09-15T13:18:10.298532
5546-BYZSM,Female,0,No,No,25,Yes,No,No,No internet service,No internet service,No internet service,No internet service,No internet service,No internet service,Month-to-month,No,Electronic check,27.6075,775.6,No,2026-09-15T13:18:10.298532
0523-VNGTF,Female,1,No,No,31,No,No phone service,DSL,No,Yes,Yes,Yes,Yes,No,Month-to-month,Yes,Electronic check,68.17500000000001,2566.3,No,2026-09-15T13:18:10.298532
3779-OSWCF,Female,0,Yes,No,43,Yes,Yes,DSL,Yes,Yes,Yes,Yes,Yes,Yes,Two year,No,Credit card (automatic),125.82000000000001,6506.15,No,2026-09-15T13:18:10.298532
8535-SFUTN,Male,0,No,No,37,Yes,Yes,Fiber optic,Yes,No,Yes,No,Yes,Yes,Month-to-month,Yes,Electronic check,143.7075,6300.15,No,2026-09-15T13:18:10.298532
2320-SLKMB,Female,0,No,No,16,No,No phone service,DSL,No,No,Yes,Yes,Yes,No,Month-to-month,Yes,Credit card (automatic),60.00750000000001,1183.8,No,2026-09-15T13:18:10.298532
7169-YWAMK,Male,0,Yes,Yes,43,Yes,No,DSL,Yes,Yes,No,Yes,Yes,No,Two year,No,Bank transfer (automatic),92.34000000000002,4855.35,No,2026-09-15T13:18:10.298532
8434-PNQZX,Female,0,No,No,25,Yes,Yes,DSL,No,No,Yes,Yes,Yes,Yes,Two year,Yes,Credit card (automatic),105.90750000000001,3373.4,No,2026-09-15T13:18:10.298532
4981-FLTMF,Female,0,Yes,Yes,34,Yes,Yes,DSL,Yes,Yes,No,Yes,No,No,Month-to-month,No,Bank transfer (automatic),88.02000000000001,3687.85,No,2026-09-15T13:18:10.298532
9424-CMPOG,Male,0,Yes,Yes,5,Yes,No,No,No internet service,No internet service,No internet service,No internet service,No internet service,No internet service,Two year,No,Mailed check,26.460000000000004,197.4,No,2026-09-15T13:18:10.298532
3627-FCRDW,Female,0,No,No,5,Yes,No,Fiber optic,No,No,No,No,No,No,Month-to-month,No,Electronic check,95.85000000000001,672.55,Yes,2026-09-15T13:18:10.298532
1518-OMDIK,Male,0,Yes,No,20,Yes,No,DSL,No,No,No,No,No,No,Month-to-month,Yes,Credit card (automatic),60.1425,1462.6,No,2026-09-15T13:18:10.298532
8393-JMVMB,Male,0,No,No,1,Yes,No,No,No internet service,No internet service,No internet service,No internet service,No internet service,No internet service,Month-to-month,No,Mailed check,26.2575,19.45,No,2026-09-15T13:18:10.298532
7638-QVMVY,Female,0,No,No,4,Yes,No,Fiber optic,No,No,No,No,Yes,No,Month-to-month,Yes,Electronic check,106.65,522.95,Yes,2026-09-15T13:18:10.298532
6140-QNRQQ,Male,0,No,No,1,Yes,No,Fiber optic,No,No,No,No,No,No,Month-to-month,Yes,Mailed check,96.5925,71.55,Yes,2026-09-15T13:18:10.298532
7969-FFOWG,Male,0,Yes,Yes,39,Yes,No,No,No internet service,No internet service,No internet service,No internet service,No internet service,No internet service,Two year,No,Mailed check,26.865,1292.6,No,2026-09-15T13:18:10.298532
1342-JPNKI,Male,0,No,No,6,Yes,Yes,Fiber optic,No,No,No,No,Yes,No,Month-to-month,Yes,Bank transfer (automatic),116.1675,834.1,Yes,2026-09-15T13:18:10.298532
7080-TNUWP,Male,0,Yes,No,42,Yes,Yes,Fiber optic,No,Yes,Yes,No,Yes,No,One year,Yes,Bank transfer (automatic),128.25,6602.9,No,2026-09-15T13:18:10.298532
8949-JTMAY,Female,0,No,No,17,Yes,Yes,Fiber optic,No,No,Yes,No,Yes,Yes,Month-to-month,Yes,Credit card (automatic),133.11,2933.2,Yes,2026-09-15T13:18:10.298532
0654-HMSHN,Male,0,Yes,Yes,13,Yes,Yes,Fiber optic,No,Yes,Yes,No,Yes,Yes,Month-to-month,No,Electronic check,140.94000000000003,2157.95,Yes,2026-09-15T13:18:10.298532
2725-KXXWT,Male,0,Yes,No,1,Yes,No,Fiber optic,No,No,No,No,Yes,Yes,Month-to-month,Yes,Electronic check,122.5125,90.75,Yes,2026-09-15T13:18:10.298532
2439-QKJUL,Male,0,No,No,3,Yes,No,No,No internet service,No internet service,No internet service,No internet service,No internet service,No internet service,Month-to-month,No,Mailed check,27.337500000000002,109.8,No,2026-09-15T13:18:10.298532
1935-IMVBB,Male,0,Yes,No,34,Yes,No,Fiber optic,No,No,No,No,Yes,Yes,Month-to-month,No,Mailed check,121.09500000000001,4952.95,No,2026-09-15T13:18:10.298532
4628-WQCQQ,Male,0,No,Yes,21,Yes,No,Fiber optic,No,No,Yes,No,Yes,No,One year,Yes,Electronic check,114.95250000000001,3030.6,Yes,2026-09-15T13:18:10.298532
3724-BSCVH,Male,0,Yes,Yes,6,Yes,No,No,No internet service,No internet service,No internet service,No internet service,No internet service,No internet service,One year,No,Mailed check,27.6075,242.4,No,2026-09-15T13:18:10.298532
7605-BDWDC,Female,0,No,No,19,No,No phone service,DSL,Yes,Yes,No,Yes,No,Yes,Two year,Yes,Bank transfer (automatic),67.2975,1520.1,No,2026-09-15T13:18:10.298532
7137-RYLPP,Male,1,Yes,No,22,Yes,Yes,Fiber optic,No,No,No,No,Yes,No,Month-to-month,Yes,Electronic check,115.69500000000001,3171.15,Yes,2026-09-15T13:18:10.298532
3207-OYBWH,Male,1,Yes,No,34,Yes,Yes,Fiber optic,No,Yes,Yes,No,No,Yes,Month-to-month,Yes,Bank transfer (automatic),128.5875,5427.05,Yes,2026-09-15T13:18:10.298532
4707-YNOQA,Female,0,Yes,Yes,20,Yes,Yes,No,No internet service,No internet service,No internet service,No internet service,No internet service,No internet service,One year,Yes,Credit card (automatic),34.56,917.15,No,2026-09-15T13:18:10.298532
6956-SMUCM,Female,0,No,No,2,Yes,No,Fiber optic,Yes,No,Yes,No,Yes,Yes,Month-to-month,Yes,Credit card (automatic),133.65,287.4,Yes,2026-09-15T13:18:10.298532
8714-CTZJW,Female,0,No,No,2,Yes,No,Fiber optic,No,No,Yes,No,No,Yes,Month-to-month,Yes,Credit card (automatic),111.8475,319.6,No,2026-09-15T13:18:10.298532
3662-FXJFO,Female,0,No,No,32,Yes,No,No,No internet service,No internet service,No internet service,No internet service,No internet service,No internet service,Two year,Yes,Mailed check,27.675,1035.7,No,2026-09-15T13:18:10.298532
7623-HKYRK,Male,0,No,Yes,4,Yes,No,No,No internet service,No internet service,No internet service,No internet service,No internet service,No internet service,Month-to-month,No,Mailed check,26.595000000000002,111.65,No,2026-09-15T13:18:10.298532
1353-GHZOS,Male,0,Yes,No,13,Yes,No,DSL,Yes,No,No,No,Yes,No,One year,Yes,Bank transfer (automatic),80.66250000000001,1374.35,No,2026-09-15T13:18:10.298532
3323-CPBWR,Male,0,No,No,14,Yes,Yes,Fiber optic,No,No,Yes,Yes,Yes,No,Month-to-month,Yes,Credit card (automatic),130.81500000000003,2085.45,No,2026-09-15T13:18:10.298532
6152-ONASV,Female,0,Yes,No,41,Yes,Yes,DSL,Yes,No,No,Yes,No,No,One year,No,Bank transfer (automatic),78.6375,3975.7,No,2026-09-15T13:18:10.298532
9251-AWQGT,Female,0,Yes,Yes,29,Yes,No,No,No internet service,No internet service,No internet service,No internet service,No internet service,No internet service,Two year,No,Mailed check,27.0,935.9,No,2026-09-15T13:18:10.298532
4803-LBYPN,Male,0,Yes,Yes,20,Yes,No,No,No internet service,No internet service,No internet service,No internet service,No internet service,No internet service,Month-to-month,No,Mailed check,28.080000000000002,635.9,No,2026-09-15T13:18:10.298532
8879-ZKJOF,Female,0,No,No,25,Yes,No,DSL,Yes,No,Yes,Yes,Yes,Yes,One year,Yes,Bank transfer (automatic),107.7975,3320.75,No,2026-09-15T13:18:10.298532
7354-OIJLX,Male,0,No,No,5,Yes,Yes,Fiber optic,No,No,No,No,No,No,Month-to-month,Yes,Electronic check,102.3975,724.65,No,2026-09-15T13:18:10.298532
9129-UXERG,Female,1,No,No,11,Yes,Yes,Fiber optic,No,Yes,No,Yes,Yes,Yes,Month-to-month,Yes,Credit card (automatic),139.86,1806.35,No,2026-09-15T13:18:10.298532
5302-BDJNT,Male,0,No,No,21,Yes,Yes,Fiber optic,No,No,Yes,Yes,Yes,No,Month-to-month,No,Electronic check,128.925,3418.2,No,2026-09-15T13:18:10.298532
7148-XZPHA,Male,0,Yes,Yes,33,Yes,No,Fiber optic,No,Yes,No,Yes,No,No,Month-to-month,No,Electronic check,107.19000000000001,4238.45,No,2026-09-15T13:18:10.298532
2651-ZCBXV,Male,0,No,No,32,Yes,Yes,Fiber optic,Yes,Yes,No,Yes,Yes,Yes,Two year,Yes,Credit card (automatic),145.8,5760.65,No,2026-09-15T13:18:10.298532
1304-NECVQ,Female,1,No,No,1,Yes,Yes,Fiber optic,No,No,Yes,No,No,No,Month-to-month,Yes,Electronic check,106.0425,149.55,Yes,2026-09-15T13:18:10.298532
3374-TTZTK,Male,0,Yes,No,31,Yes,No,Fiber optic,Yes,Yes,Yes,Yes,Yes,Yes,Two year,Yes,Electronic check,143.505,5487,No,2026-09-15T13:18:10.298532
0229-LFJAF,Male,0,No,No,43,Yes,Yes,DSL,Yes,Yes,Yes,Yes,No,No,Two year,No,Bank transfer (automatic),94.02750000000002,4908.25,No,2026-09-15T13:18:10.298532
1304-BCCFO,Male,0,Yes,No,5,Yes,No,DSL,No,No,Yes,No,Yes,Yes,Month-to-month,Yes,Mailed check,94.5675,564.4,No,2026-09-15T13:18:10.298532
0455-XFASS,Female,0,Yes,Yes,2,Yes,No,Fiber optic,No,No,No,No,No,No,Month-to-month,Yes,Electronic check,93.8925,200.2,No,2026-09-15T13:18:10.298532
0221-WMXNQ,Male,1,No,No,2,Yes,No,Fiber optic,Yes,No,No,No,No,No,Month-to-month,No,Electronic check,101.7225,273.4,No,2026-09-15T13:18:10.298532
2882-WDTBA,Male,0,Yes,Yes,41,Yes,No,DSL,Yes,Yes,Yes,Yes,Yes,No,Two year,Yes,Bank transfer (automatic),102.2625,5388.15,No,2026-09-15T13:18:10.298532
8069-RHUXK,Female,0,Yes,Yes,40,No,No phone service,DSL,Yes,No,No,Yes,No,No,Two year,No,Credit card (automatic),48.19500000000001,2545.7,No,2026-09-15T13:18:10.298532
4806-KEXQR,Male,0,No,No,2,Yes,No,Fiber optic,No,No,No,No,No,Yes,Month-to-month,Yes,Electronic check,107.86500000000001,324.3,Yes,2026-09-15T13:18:10.298532
2817-NTQDO,Male,0,No,No,8,No,No phone service,DSL,Yes,No,No,Yes,Yes,No,Month-to-month,Yes,Credit card (automatic),61.4925,597,Yes,2026-09-15T13:18:10.298532
3230-IUALN,Female,0,Yes,Yes,27,Yes,No,DSL,Yes,No,Yes,Yes,Yes,Yes,Two year,Yes,Mailed check,109.35000000000001,3533.6,No,2026-09-15T13:18:10.298532
6500-JVEGC,Male,0,No,No,41,Yes,Yes,Fiber optic,Yes,Yes,Yes,No,Yes,No,One year,No,Bank transfer (automatic),136.8225,7110.75,No,2026-09-15T13:18:10.298532
7103-ZGVNT,Female,0,Yes,Yes,41,Yes,Yes,DSL,Yes,Yes,No,Yes,Yes,No,One year,No,Credit card (automatic),99.495,4885.85,No,2026-09-15T13:18:10.298532
1837-YQUCE,Female,0,No,No,42,No,No phone service,DSL,Yes,No,Yes,Yes,Yes,Yes,Two year,Yes,Bank transfer (automatic),78.77250000000001,4214.25,No,2026-09-15T13:18:10.298532
4800-VHZKI,Female,0,No,No,1,Yes,No,No,No internet service,No internet service,No internet service,No internet service,No internet service,No internet service,Month-to-month,Yes,Mailed check,26.865,19.9,Yes,2026-09-15T13:18:10.298532
3887-PBQAO,Female,0,Yes,Yes,27,Yes,Yes,No,No internet service,No internet service,No internet service,No internet service,No internet service,No internet service,One year,Yes,Credit card (automatic),34.965,1216.6,No,2026-09-15T13:18:10.298532
5177-RVZNU,Female,0,No,Yes,22,Yes,No,No,No internet service,No internet service,No internet service,No internet service,No internet service,No internet service,One year,No,Bank transfer (automatic),27.405,755.4,No,2026-09-15T13:18:10.298532
1729-VLAZJ,Female,0,No,Yes,6,No,No phone service,DSL,Yes,Yes,No,Yes,No,No,One year,No,Mailed check,54.337500000000006,411.45,No,2026-09-15T13:18:10.298532
4273-MBHYA,Female,0,No,Yes,1,Yes,No,Fiber optic,No,No,No,No,Yes,Yes,Month-to-month,Yes,Electronic check,120.6225,89.35,No,2026-09-15T13:18:10.298532
8690-UPCZI,Male,0,Yes,Yes,17,Yes,Yes,DSL,Yes,No,No,Yes,Yes,No,One year,No,Bank transfer (automatic),93.2175,1958.45,No,2026-09-15T13:18:10.298532
6374-NTQLP,Male,1,Yes,Yes,43,Yes,No,Fiber optic,Yes,No,Yes,Yes,Yes,Yes,Two year,Yes,Credit card (automatic),140.535,7447.7,No,2026-09-15T13:18:10.298532
1618-CFHME,Female,0,No,No,1,Yes,Yes,Fiber optic,No,No,No,No,No,No,Month-to-month,Yes,Electronic check,102.46500000000002,143.35,Yes,2026-09-15T13:18:10.298532
4104-PVRPS,Male,0,Yes,No,14,Yes,No,DSL,Yes,No,No,Yes,No,No,Month-to-month,No,Mailed check,72.36000000000001,1315.35,No,2026-09-15T13:18:10.298532
4210-QFJMF,Female,0,No,No,2,Yes,No,Fiber optic,No,No,No,No,No,Yes,Month-to-month,Yes,Electronic check,106.85250000000002,317.25,Yes,2026-09-15T13:18:10.298532
5787-KXGIY,Male,0,Yes,No,43,Yes,No,No,No internet service,No internet service,No internet service,No internet service,No internet service,No internet service,Two year,No,Credit card (automatic),26.055000000000003,1304.8,No,2026-09-15T13:18:10.298532
3088-LHEFH,Female,0,No,No,7,Yes,Yes,Fiber optic,Yes,No,No,No,No,No,Month-to-month,Yes,Bank transfer (automatic),106.65,929.3,No,2026-09-15T13:18:10.298532
8896-RAZCR,Female,0,No,Yes,26,Yes,No,No,No internet service,No internet service,No internet service,No internet service,No internet service,No internet service,Two year,No,Mailed check,26.865,868.1,No,2026-09-15T13:18:10.298532
7268-WNTCP,Male,0,Yes,Yes,37,Yes,No,No,No internet service,No internet service,No internet service,No internet service,No internet service,No internet service,Two year,No,Bank transfer (automatic),27.6075,1297.35,No,2026-09-15T13:18:10.298532
5854-KSRBJ,Male,0,Yes,Yes,42,Yes,Yes,No,No internet service,No internet service,No internet service,No internet service,No internet service,No internet service,Two year,No,Mailed check,34.29,1782.05,No,2026-09-15T13:18:10.298532
9907-SWKKF,Female,1,No,No,1,No,No phone service,DSL,No,No,No,No,No,No,Month-to-month,No,Mailed check,33.8175,25.05,Yes,2026-09-15T13:18:10.298532
3932-CMDTD,Female,0,No,No,2,Yes,No,Fiber optic,No,Yes,Yes,Yes,Yes,Yes,One year,Yes,Electronic check,142.62750000000003,443.9,Yes,2026-09-15T13:18:10.298532
5277-ZLOOR,Female,1,No,No,1,Yes,Yes,Fiber optic,No,No,No,No,Yes,No,Month-to-month,Yes,Electronic check,115.4925,187.45,Yes,2026-09-15T13:18:10.298532
2746-DIJLO,Female,0,No,No,25,Yes,Yes,DSL,No,Yes,No,No,No,No,One year,Yes,Credit card (automatic),76.005,2364,No,2026-09-15T13:18:10.298532
9174-FKWZE,Female,1,No,No,1,Yes,No,No,No internet service,No internet service,No internet service,No internet service,No internet service,No internet service,Month-to-month,Yes,Electronic check,26.2575,19.45,Yes,2026-09-15T13:18:10.298532
9919-FZDED,Male,1,Yes,No,43,Yes,Yes,DSL,Yes,Yes,Yes,No,Yes,Yes,Two year,Yes,Credit card (automatic),113.535,5981.65,No,2026-09-15T13:18:10.298532
9488-FYQAU,Female,0,Yes,No,38,Yes,Yes,Fiber optic,No,Yes,Yes,Yes,Yes,Yes,Two year,Yes,Bank transfer (automatic),147.4875,6841.4,No,2026-09-15T13:18:10.298532
6869-FGJJC,Male,0,No,No,41,Yes,No,Fiber optic,No,Yes,Yes,No,No,No,One year,No,Credit card (automatic),107.46,5461.45,No,2026-09-15T13:18:10.298532
3349-ANQNH,Female,1,No,No,35,Yes,Yes,Fiber optic,No,No,Yes,No,Yes,Yes,One year,Yes,Electronic check,134.32500000000002,5890,No,2026-09-15T13:18:10.298532
0222-CNVPT,Male,1,No,No,31,No,No phone service,DSL,Yes,No,No,No,Yes,Yes,Month-to-month,Yes,Credit card (automatic),65.88,2555.05,No,2026-09-15T13:18:10.298532
6900-PXRMS,Male,1,Yes,Yes,16,Yes,Yes,Fiber optic,No,Yes,Yes,No,Yes,Yes,Month-to-month,No,Electronic check,142.76250000000002,2710.25,Yes,2026-09-15T13:18:10.298532
0230-WEQUW,Male,0,Yes,No,40,No,No phone service,DSL,Yes,Yes,Yes,Yes,Yes,No,Two year,Yes,Bank transfer (automatic),76.41000000000001,3789.2,No,2026-09-15T13:18:10.298532
7629-WFGLW,Female,1,Yes,No,34,Yes,Yes,Fiber optic,Yes,Yes,Yes,Yes,No,No,One year,No,Electronic check,129.12750000000003,5471.75,No,2026-09-15T13:18:10.298532
2235-EZAIK,Female,0,Yes,No,43,Yes,Yes,DSL,Yes,Yes,Yes,Yes,Yes,No,Two year,No,Credit card (automatic),106.92000000000002,5401.9,No,2026-09-15T13:18:10.298532
5119-NZPTV,Male,1,Yes,No,1,Yes,No,Fiber optic,No,No,No,No,No,No,Month-to-month,No,Electronic check,94.635,141.65,No,2026-09-15T13:18:10.298532
4282-MSACW,Male,0,No,No,41,Yes,Yes,Fiber optic,Yes,Yes,Yes,Yes,Yes,Yes,One year,Yes,Credit card (automatic),158.22000000000003,8035.95,No,2026-09-15T13:18:10.298532
7711-YIJWC,Male,0,Yes,Yes,37,Yes,No,DSL,Yes,Yes,Yes,Yes,Yes,Yes,One year,No,Bank transfer (automatic),114.61500000000001,5264.5,No,2026-09-15T13:18:10.298532
8749-CLJXC,Male,0,No,No,1,Yes,No,No,No internet service,No internet service,No internet service,No internet service,No internet service,No internet service,Month-to-month,No,Mailed check,27.067500000000003,20.05,No,2026-09-15T13:18:10.298532
7636-XUHWW,Male,0,No,No,1,Yes,No,No,No internet service,No internet service,No internet service,No internet service,No internet service,No internet service,Month-to-month,Yes,Credit card (automatic),26.865,33.7,No,2026-09-15T13:18:10.298532
0883-EIBTI,Female,0,No,No,1,Yes,No,No,No internet service,No internet service,No internet service,No internet service,No internet service,No internet service,Month-to-month,No,Mailed check,26.325000000000003,31.55,Yes,2026-09-15T13:18:10.298532
4098-NAUKP,Male,1,Yes,Yes,41,Yes,Yes,Fiber optic,No,Yes,Yes,No,No,No,Month-to-month,Yes,Electronic check,114.27750000000002,5683.6,No,2026-09-15T13:18:10.298532
0701-TJSEF,Male,0,No,No,5,Yes,No,DSL,Yes,No,Yes,Yes,No,Yes,Month-to-month,Yes,Bank transfer (automatic),92.1375,576.95,No,2026-09-15T13:18:10.298532
0689-NKYLF,Male,0,No,No,8,Yes,No,Fiber optic,No,No,Yes,No,Yes,No,Month-to-month,Yes,Electronic check,112.32000000000001,1060.6,Yes,2026-09-15T13:18:10.298532
9867-NNXLC,Female,0,No,No,13,Yes,No,No,No internet service,No internet service,No internet service,No internet service,No internet service,No internet service,Month-to-month,Yes,Mailed check,27.067500000000003,470.2,No,2026-09-15T13:18:10.298532
9337-SRRNI,Male,0,No,Yes,40,Yes,Yes,No,No internet service,No internet service,No internet service,No internet service,No internet service,No internet service,Two year,Yes,Credit card (automatic),34.155,1673.8,No,2026-09-15T13:18:10.298532
1850-AKQEP,Male,0,No,Yes,5,Yes,No,No,No internet service,No internet service,No internet service,No internet service,No internet service,No internet service,Month-to-month,No,Mailed check,27.472500000000004,178.7,No,2026-09-15T13:18:10.298532
5600-KTXFM,Male,0,Yes,Yes,1,Yes,No,Fiber optic,No,No,No,No,No,No,Month-to-month,No,Mailed check,94.4325,143.9,No,2026-09-15T13:18:10.298532
7055-HNEOJ,Male,0,Yes,No,2,Yes,No,DSL,No,No,Yes,Yes,No,No,Month-to-month,Yes,Mailed check,75.33,154.55,No,2026-09-15T13:18:10.298532
2462-XIIJB,Male,0,No,No,3,Yes,Yes,Fiber optic,No,No,Yes,No,Yes,No,Month-to-month,Yes,Electronic check,124.87500000000001,452.7,Yes,2026-09-15T13:18:10.298532
7277-KAMWT,Male,0,No,No,8,Yes,No,No,No internet service,No internet service,No internet service,No internet service,No internet service,No internet service,Two year,No,Credit card (automatic),27.0,268.45,No,2026-09-15T13:18:10.298532
7691-KGKGP,Male,0,Yes,Yes,32,Yes,No,DSL,No,Yes,No,Yes,Yes,No,Month-to-month,No,Credit card (automatic),87.75,3363.8,No,2026-09-15T13:18:10.298532
7808-DVWEP,Male,0,Yes,No,2,Yes,No,No,No internet service,No internet service,No internet service,No internet service,No internet service,No internet service,Month-to-month,No,Bank transfer (automatic),27.0,49.65,No,2026-09-15T13:18:10.298532
2379-GYFLQ,Male,0,No,No,28,Yes,Yes,Fiber optic,No,Yes,Yes,No,Yes,No,One year,Yes,Credit card (automatic),128.115,4422.95,No,2026-09-15T13:18:10.298532
7325-ENZFI,Female,0,No,No,23,No,No phone service,DSL,Yes,Yes,No,Yes,No,No,One year,Yes,Bank transfer (automatic),54.405,1630.4,No,2026-09-15T13:18:10.298532
8800-ZKRFW,Female,0,Yes,Yes,18,Yes,Yes,Fiber optic,No,Yes,Yes,Yes,Yes,Yes,Month-to-month,Yes,Electronic check,145.125,3242.5,No,2026-09-15T13:18:10.298532
9133-AYJZG,Female,0,No,No,14,Yes,Yes,Fiber optic,No,Yes,No,No,Yes,Yes,Month-to-month,Yes,Credit card (automatic),133.245,2249.1,No,2026-09-15T13:18:10.298532
6772-WFQRD,Male,0,No,Yes,24,Yes,No,No,No internet service,No internet service,No internet service,No internet service,No internet service,No internet service,One year,Yes,Bank transfer (automatic),27.54,854.9,No,2026-09-15T13:18:10.298532
9670-BPNXF,Female,0,No,No,27,Yes,No,DSL,Yes,Yes,No,Yes,No,No,One year,Yes,Credit card (automatic),84.4425,2796.45,No,2026-09-15T13:18:10.298532
2675-IJRGJ,Male,0,No,No,32,Yes,No,No,No internet service,No internet service,No internet service,No internet service,No internet service,No internet service,Two year,No,Bank transfer (automatic),26.5275,978,No,2026-09-15T13:18:10.298532
4829-ZLJTK,Female,1,Yes,No,43,Yes,Yes,Fiber optic,Yes,Yes,Yes,No,Yes,Yes,Two year,Yes,Electronic check,151.74,8046.85,No,2026-09-15T13:18:10.298532
9950-MTGYX,Male,0,Yes,Yes,17,Yes,No,No,No internet service,No internet service,No internet service,No internet service,No internet service,No internet service,Two year,Yes,Credit card (automatic),27.405,487.95,No,2026-09-15T13:18:10.298532
9755-JHNMN,Female,0,No,No,29,Yes,No,DSL,Yes,Yes,Yes,Yes,No,No,Two year,No,Bank transfer (automatic),90.99000000000001,3306.85,No,2026-09-15T13:18:10.298532
3746-EUBYR,Male,0,Yes,No,1,Yes,Yes,Fiber optic,No,No,No,No,No,No,Month-to-month,Yes,Bank transfer (automatic),100.71,74.6,Yes,2026-09-15T13:18:10.298532
7929-DMBCV,Female,0,Yes,No,12,Yes,No,Fiber optic,No,No,Yes,Yes,No,No,Month-to-month,Yes,Mailed check,109.35000000000001,1683.7,No,2026-09-15T13:18:10.298532
9640-ZSLDC,Female,0,Yes,Yes,32,Yes,No,DSL,No,No,Yes,No,No,Yes,One year,No,Credit card (automatic),81.81,3297,No,2026-09-15T13:18:10.298532
7197-VOJMM,Male,0,Yes,No,40,Yes,No,DSL,Yes,Yes,No,Yes,No,Yes,Two year,Yes,Credit card (automatic),93.42000000000002,4671.65,No,2026-09-15T13:18:10.298532
2696-NARTR,Male,0,No,No,7,Yes,No,Fiber optic,No,No,No,Yes,No,No,Month-to-month,Yes,Electronic check,99.6975,926.25,Yes,2026-09-15T13:18:10.298532
0689-DSXGL,Female,0,Yes,Yes,31,Yes,No,Fiber optic,No,Yes,Yes,Yes,No,No,Month-to-month,No,Bank transfer (automatic),115.83,4433.3,No,2026-09-15T13:18:10.298532
7294-TMAOP,Female,0,No,No,1,Yes,No,Fiber optic,No,No,No,No,Yes,Yes,Month-to-month,No,Electronic check,122.2425,90.55,Yes,2026-09-15T13:18:10.298532
6177-PEVRA,Female,0,No,No,29,Yes,No,DSL,Yes,Yes,No,No,No,No,Two year,No,Credit card (automatic),74.92500000000001,2627.35,No,2026-09-15T13:18:10.298532
7410-YTJIK,Female,0,No,No,4,Yes,Yes,Fiber optic,No,No,No,No,No,No,Month-to-month,No,Mailed check,101.85750000000002,480.75,Yes,2026-09-15T13:18:10.298532
1410-RSCMR,Male,0,Yes,Yes,4,Yes,No,DSL,Yes,No,Yes,Yes,No,Yes,Month-to-month,Yes,Credit card (automatic),96.3225,515.75,No,2026-09-15T13:18:10.298532
8800-JOOCF,Female,0,No,Yes,7,Yes,Yes,Fiber optic,No,No,No,No,Yes,No,Month-to-month,Yes,Electronic check,113.4675,966.55,No,2026-09-15T13:18:10.298532
4526-EXKKN,Male,0,No,No,24,Yes,Yes,No,No internet service,No internet service,No internet service,No internet service,No internet service,No internet service,Two year,Yes,Mailed check,33.21,973.95,No,2026-09-15T13:18:10.298532
0813-TAXXS,Male,0,No,No,33,Yes,Yes,DSL,No,No,Yes,No,Yes,Yes,Two year,Yes,Bank transfer (automatic),105.03,4323.35,No,2026-09-15T13:18:10.298532
2320-TZRRH,Female,0,No,No,12,Yes,No,No,No internet service,No internet service,No internet service,No internet service,No internet service,No internet service,One year,No,Mailed check,26.325000000000003,403.15,No,2026-09-15T13:18:10.298532
0841-NULXI,Male,0,No,No,1,No,No phone service,DSL,No,No,No,No,No,Yes,Month-to-month,Yes,Electronic check,47.9925,35.55,Yes,2026-09-15T13:18:10.298532
2725-TTRIQ,Female,0,Yes,Yes,43,Yes,Yes,DSL,Yes,No,Yes,Yes,Yes,Yes,Two year,Yes,Bank transfer (automatic),113.67000000000002,5986.55,No,2026-09-15T13:18:10.298532
4778-IZARL,Male,0,Yes,No,38,Yes,No,Fiber optic,Yes,Yes,Yes,Yes,Yes,Yes,Two year,Yes,Credit card (automatic),148.635,6705.7,No,2026-09-15T13:18:10.298532
2535-PBCGC,Female,0,Yes,No,42,No,No phone service,DSL,Yes,Yes,Yes,Yes,Yes,Yes,Two year,No,Bank transfer (automatic),87.1425,4504.9,No,2026-09-15T13:18:10.298532
3629-WEAAM,Female,0,No,No,5,Yes,No,DSL,No,No,Yes,Yes,No,Yes,Month-to-month,No,Mailed check,86.535,504.05,No,2026-09-15T13:18:10.298532
6128-CZOMY,Female,0,No,No,1,Yes,No,DSL,No,No,No,No,No,No,Month-to-month,Yes,Electronic check,61.627500000000005,45.65,Yes,2026-09-15T13:18:10.298532
9227-UAQFT,Male,0,No,No,10,Yes,No,No,No internet service,No internet service,No internet service,No internet service,No internet service,No internet service,Two year,No,Mailed check,26.6625,284.35,No,2026-09-15T13:18:10.298532
0804-XBFBV,Female,0,No,Yes,7,No,No phone service,DSL,No,No,No,No,No,No,Month-to-month,No,Electronic check,34.02,321.05,No,2026-09-15T13:18:10.298532
4503-BDXBD,Male,0,No,No,7,Yes,No,Fiber optic,No,Yes,No,No,No,No,Month-to-month,No,Electronic check,101.1825,815.5,Yes,2026-09-15T13:18:10.298532
9626-VFRGG,Female,0,No,Yes,25,Yes,Yes,Fiber optic,No,Yes,No,No,Yes,No,Month-to-month,Yes,Bank transfer (automatic),119.47500000000001,3645.05,No,2026-09-15T13:18:10.298532
4994-OBRSZ,Male,0,No,Yes,8,Yes,No,DSL,Yes,Yes,Yes,Yes,No,Yes,Two year,No,Bank transfer (automatic),102.735,1054.8,No,2026-09-15T13:18:10.298532
3654-ARMGP,Female,0,No,No,37,Yes,Yes,DSL,No,Yes,Yes,Yes,Yes,Yes,Two year,No,Credit card (automatic),119.67750000000001,5321.25,No,2026-09-15T13:18:10.298532
0829-XXPLX,Female,0,No,No,12,Yes,No,Fiber optic,Yes,No,Yes,No,Yes,No,Month-to-month,Yes,Bank transfer (automatic),120.69000000000001,1871.15,No,2026-09-15T13:18:10.298532
8938-UMKPI,Female,0,No,No,28,Yes,Yes,Fiber optic,No,Yes,Yes,No,Yes,Yes,Month-to-month,Yes,Electronic check,143.64000000000001,5127.95,Yes,2026-09-15T13:18:10.298532
4854-SSLTN,Male,0,Yes,Yes,1,Yes,No,DSL,Yes,Yes,No,Yes,No,No,Two year,No,Mailed check,80.325,130.5,No,2026-09-15T13:18:10.298532
9720-JJJOR,Male,0,Yes,Yes,25,Yes,No,DSL,Yes,Yes,Yes,No,No,No,One year,Yes,Bank transfer (automatic),81.405,2511.3,No,2026-09-15T13:18:10.298532
1926-QUZNN,Female,0,Yes,No,43,Yes,Yes,No,No internet service,No internet service,No internet service,No internet service,No internet service,No internet service,Two year,Yes,Bank transfer (automatic),34.087500000000006,1841.2,No,2026-09-15T13:18:10.298532
4900-MSOMT,Female,0,Yes,Yes,43,Yes,Yes,DSL,Yes,Yes,Yes,Yes,Yes,No,Two year,No,Bank transfer (automatic),108.27000000000001,5714.2,No,2026-09-15T13:18:10.298532
8910-ICHIU,Female,0,No,No,28,Yes,No,Fiber optic,Yes,Yes,Yes,No,Yes,No,One year,Yes,Credit card (automatic),129.12750000000003,4664.2,No,2026-09-15T13:18:10.298532
4892-VLANZ,Male,0,No,No,1,Yes,No,No,No internet service,No internet service,No internet service,No internet service,No internet service,No internet service,Month-to-month,No,Mailed check,26.730000000000004,19.8,Yes,2026-09-15T13:18:10.298532
0076-LVEPS,Male,0,No,Yes,17,No,No phone service,DSL,Yes,Yes,Yes,Yes,No,No,Month-to-month,Yes,Mailed check,60.75000000000001,1242.45,No,2026-09-15T13:18:10.298532
1666-JXLKU,Female,0,No,No,22,Yes,Yes,Fiber optic,No,No,Yes,No,Yes,Yes,Month-to-month,Yes,Electronic check,135.0675,3810.55,No,2026-09-15T13:18:10.298532
4003-FUSHP,Male,0,No,No,11,Yes,No,DSL,No,No,No,Yes,Yes,No,Month-to-month,Yes,Credit card (automatic),83.0925,1093.2,No,2026-09-15T13:18:10.298532
7696-AMHOD,Female,0,Yes,Yes,29,Yes,No,DSL,No,Yes,Yes,No,Yes,Yes,One year,No,Credit card (automatic),105.30000000000001,3824.2,No,2026-09-15T13:18:10.298532
8082-GHXOP,Male,0,No,Yes,8,Yes,No,DSL,No,No,No,No,No,No,Month-to-month,No,Mailed check,59.400000000000006,659.35,No,2026-09-15T13:18:10.298532
5445-GLVOT,Female,0,No,No,13,Yes,No,DSL,Yes,No,No,No,No,No,Month-to-month,Yes,Electronic check,67.23,1049.05,No,2026-09-15T13:18:10.298532
5195-KPUNQ,Female,1,No,No,32,Yes,No,Fiber optic,Yes,Yes,No,Yes,No,Yes,One year,Yes,Mailed check,130.6125,5206.55,No,2026-09-15T13:18:10.298532
3948-XHGNA,Male,0,No,No,14,Yes,No,DSL,Yes,No,No,No,No,No,Month-to-month,Yes,Bank transfer (automatic),66.8925,1210.4,Yes,2026-09-15T13:18:10.298532
9624-EGDEQ,Female,0,No,No,22,Yes,No,No,No internet service,No internet service,No internet service,No internet service,No internet service,No internet service,Two year,No,Mailed check,26.730000000000004,813.3,No,2026-09-15T13:18:10.298532
7551-DACSP,Male,0,Yes,Yes,4,Yes,No,DSL,No,Yes,Yes,No,No,No,Month-to-month,Yes,Mailed check,74.655,324.25,Yes,2026-09-15T13:18:10.298532
8128-YVJRG,Female,0,No,No,4,Yes,Yes,Fiber optic,Yes,No,No,No,No,No,Month-to-month,Yes,Mailed check,107.52750000000002,604.7,Yes,2026-09-15T13:18:10.298532
1038-ZAGBI,Female,0,Yes,Yes,7,Yes,No,No,No internet service,No internet service,No internet service,No internet service,No internet service,No internet service,One year,No,Bank transfer (automatic),26.730000000000004,229.6,Yes,2026-09-15T13:18:10.298532
9153-BTBVV,Female,0,Yes,No,43,Yes,Yes,No,No internet service,No internet service,No internet service,No internet service,No internet service,No internet service,Two year,No,Bank transfer (automatic),33.75,1753,No,2026-09-15T13:18:10.298532
9470-RTWDV,Male,0,Yes,Yes,16,Yes,Yes,DSL,No,No,Yes,Yes,Yes,Yes,One year,Yes,Credit card (automatic),110.7,2083.1,No,2026-09-15T13:18:10.298532
7554-AKDQF,Female,0,Yes,No,4,Yes,No,DSL,No,No,No,No,No,No,Month-to-month,No,Mailed check,61.627500000000005,323.45,No,2026-09-15T13:18:10.298532
7241-AJHFS,Male,0,No,No,19,Yes,Yes,Fiber optic,Yes,No,No,Yes,No,No,Month-to-month,No,Bank transfer (automatic),118.32750000000001,2766.4,No,2026-09-15T13:18:10.298532
9633-DENPU,Female,0,Yes,No,28,Yes,No,DSL,No,Yes,No,No,Yes,No,Month-to-month,Yes,Bank transfer (automatic),79.11000000000001,2723.4,No,2026-09-15T13:18:10.298532
5480-XTFFL,Female,0,Yes,Yes,19,Yes,No,No,No internet service,No internet service,No internet service,No internet service,No internet service,No internet service,Two year,No,Mailed check,28.35,697.7,No,2026-09-15T13:18:10.298532
7803-XOCCZ,Female,0,Yes,Yes,31,Yes,No,Fiber optic,Yes,No,Yes,Yes,No,No,Month-to-month,Yes,Bank transfer (automatic),113.4675,4326.8,No,2026-09-15T13:18:10.298532
6549-BTYPG,Female,0,Yes,No,36,No,No phone service,DSL,No,Yes,Yes,Yes,Yes,Yes,Two year,No,Credit card (automatic),82.08,3603.45,No,2026-09-15T13:18:10.298532
9114-AAFQH,Female,0,Yes,No,29,Yes,No,DSL,No,Yes,Yes,No,No,Yes,One year,Yes,Electronic check,88.62750000000001,3094.65,No,2026-09-15T13:18:10.298532
3572-UUHRS,Male,0,No,No,27,Yes,No,No,No internet service,No internet service,No internet service,No internet service,No internet service,No internet service,One year,No,Bank transfer (automatic),25.447500000000005,867.3,No,2026-09-15T13:18:10.298532
7666-WKRON,Female,0,No,No,23,Yes,No,Fiber optic,No,No,Yes,Yes,No,No,Two year,Yes,Electronic check,108.60750000000002,3201.55,Yes,2026-09-15T13:18:10.298532
5192-EBGOV,Female,1,No,No,1,Yes,Yes,Fiber optic,No,No,No,No,Yes,No,Month-to-month,Yes,Electronic check,115.69500000000001,85.7,Yes,2026-09-15T13:18:10.298532
6502-MJQAE,Male,0,No,No,1,Yes,No,Fiber optic,No,No,No,No,No,No,Month-to-month,Yes,Electronic check,93.96,69.6,Yes,2026-09-15T13:18:10.298532
6400-BWQKW,Female,0,No,No,4,Yes,Yes,Fiber optic,Yes,No,No,No,No,No,Month-to-month,Yes,Electronic check,106.7175,434.5,Yes,2026-09-15T13:18:10.298532
5928-QLDHB,Male,0,No,No,5,Yes,Yes,Fiber optic,No,No,No,No,No,No,Month-to-month,Yes,Electronic check,102.9375,684.85,No,2026-09-15T13:18:10.298532
4376-KFVRS,Male,0,Yes,Yes,43,Yes,Yes,Fiber optic,Yes,Yes,Yes,Yes,Yes,Yes,Two year,Yes,Credit card (automatic),153.9675,8468.2,No,2026-09-15T13:18:10.298532
3528-HFRIQ,Male,1,Yes,No,43,No,No phone service,DSL,No,Yes,Yes,No,Yes,Yes,Month-to-month,Yes,Bank transfer (automatic),70.605,3765.05,No,2026-09-15T13:18:10.298532
2718-YSKCS,Male,0,Yes,Yes,43,Yes,No,No,No internet service,No internet service,No internet service,No internet service,No internet service,No internet service,Two year,Yes,Bank transfer (automatic),26.460000000000004,1387.45,No,2026-09-15T13:18:10.298532
2434-EEVDB,Female,0,Yes,No,38,Yes,Yes,Fiber optic,Yes,No,Yes,No,Yes,No,Two year,Yes,Credit card (automatic),127.71,5948.7,No,2026-09-15T13:18:10.298532
6506-EYCNH,Female,0,Yes,Yes,17,Yes,No,No,No internet service,No internet service,No internet service,No internet service,No internet service,No internet service,Month-to-month,Yes,Bank transfer (automatic),26.392500000000002,543.8,No,2026-09-15T13:18:10.298532
3396-DKDEL,Female,0,Yes,Yes,42,Yes,Yes,Fiber optic,Yes,Yes,Yes,Yes,Yes,Yes,Two year,Yes,Credit card (automatic),155.45250000000001,8250,No,2026-09-15T13:18:10.298532
3269-ATYWD,Male,1,No,No,23,Yes,Yes,Fiber optic,No,No,No,No,Yes,Yes,Month-to-month,Yes,Bank transfer (automatic),129.12750000000003,3759.05,Yes,2026-09-15T13:18:10.298532
1159-WFSGR,Female,0,Yes,Yes,10,Yes,No,No,No internet service,No internet service,No internet service,No internet service,No internet service,No internet service,Month-to-month,No,Electronic check,27.54,321.4,No,2026-09-15T13:18:10.298532
9835-ZIITK,Male,1,Yes,No,40,Yes,Yes,Fiber optic,No,Yes,Yes,Yes,Yes,Yes,One year,Yes,Electronic check,149.6475,7491.75,Yes,2026-09-15T13:18:10.298532
9279-CJEOJ,Female,1,No,No,13,Yes,Yes,Fiber optic,No,No,No,No,Yes,Yes,Month-to-month,Yes,Bank transfer (automatic),128.79000000000002,2025.1,No,2026-09-15T13:18:10.298532
4720-VSTSI,Female,0,No,No,26,Yes,Yes,Fiber optic,No,Yes,Yes,No,No,No,Month-to-month,Yes,Bank transfer (automatic),114.48,3862.55,Yes,2026-09-15T13:18:10.298532
1360-JYXKQ,Female,1,Yes,No,32,Yes,No,Fiber optic,No,No,Yes,Yes,Yes,Yes,One year,Yes,Electronic check,133.785,5437.1,No,2026-09-15T13:18:10.298532
8388-FYNPZ,Male,0,No,No,2,Yes,No,DSL,Yes,No,Yes,No,No,No,Month-to-month,No,Electronic check,76.61250000000001,245.15,No,2026-09-15T13:18:10.298532
7868-TMWMZ,Female,1,Yes,No,36,Yes,No,Fiber optic,Yes,Yes,Yes,Yes,Yes,Yes,Two year,Yes,Bank transfer (automatic),148.5,6668.35,No,2026-09-15T13:18:10.298532
3466-RITXD,Male,0,No,No,16,Yes,Yes,Fiber optic,Yes,Yes,No,No,Yes,No,Month-to-month,Yes,Credit card (automatic),124.74000000000001,2349.8,No,2026-09-15T13:18:10.298532
6427-FEFIG,Female,0,Yes,Yes,14,Yes,Yes,DSL,Yes,No,Yes,No,Yes,Yes,Two year,No,Credit card (automatic),106.11,1846.65,No,2026-09-15T13:18:10.298532
6518-PPLMZ,Male,0,Yes,Yes,32,Yes,No,No,No internet service,No internet service,No internet service,No internet service,No internet service,No internet service,Two year,Yes,Mailed check,26.19,1110.35,No,2026-09-15T13:18:10.298532
6762-NSODU,Female,0,Yes,Yes,28,Yes,No,No,No internet service,No internet service,No internet service,No internet service,No internet service,No internet service,Two year,No,Credit card (automatic),26.19,958.15,No,2026-09-15T13:18:10.298532
4355-CVPVS,Female,0,Yes,Yes,34,Yes,No,Fiber optic,No,No,No,No,Yes,Yes,One year,No,Bank transfer (automatic),120.01500000000001,4968,No,2026-09-15T13:18:10.298532
7629-WIXZF,Female,0,No,No,4,Yes,No,DSL,Yes,No,No,No,No,Yes,One year,Yes,Electronic check,79.78500000000001,369.25,No,2026-09-15T13:18:10.298532
3049-NDXFL,Female,0,No,No,1,Yes,Yes,Fiber optic,No,No,No,No,No,Yes,Month-to-month,No,Mailed check,115.83,85.8,Yes,2026-09-15T13:18:10.298532
3566-HJGPK,Male,0,No,No,1,Yes,No,DSL,No,No,No,No,No,No,Month-to-month,Yes,Mailed check,61.4925,45.55,No,2026-09-15T13:18:10.298532
1460-UZPRJ,Male,0,Yes,No,36,Yes,No,No,No internet service,No internet service,No internet service,No internet service,No internet service,No internet service,Two year,No,Mailed check,26.9325,1258.15,No,2026-09-15T13:18:10.298532
3712-PKXZA,Male,0,Yes,No,37,Yes,No,No,No internet service,No internet service,No internet service,No internet service,No internet service,No internet service,One year,Yes,Credit card (automatic),27.742500000000003,1252,No,2026-09-15T13:18:10.298532
1623-NLDOT,Female,0,Yes,No,25,No,No phone service,DSL,No,Yes,No,Yes,No,No,One year,No,Mailed check,45.2925,1445.3,Yes,2026-09-15T13:18:10.298532
5171-EPLKN,Male,0,No,No,16,Yes,No,No,No internet service,No internet service,No internet service,No internet service,No internet service,No internet service,Two year,No,Credit card (automatic),26.797500000000003,470,No,2026-09-15T13:18:10.298532
5569-KGJHX,Female,0,Yes,Yes,5,Yes,Yes,Fiber optic,No,No,No,No,Yes,No,Month-to-month,Yes,Bank transfer (automatic),115.2225,754.65,Yes,2026-09-15T13:18:10.298532
7463-IFMQU,Female,0,Yes,No,43,Yes,No,No,No internet service,No internet service,No internet service,No internet service,No internet service,No internet service,Two year,No,Bank transfer (automatic),27.067500000000003,1423.65,No,2026-09-15T13:18:10.298532
3178-CIFOT,Female,0,No,No,14,Yes,No,No,No internet service,No internet service,No internet service,No internet service,No internet service,No internet service,One year,Yes,Credit card (automatic),26.5275,478.1,No,2026-09-15T13:18:10.298532
1095-JUDTC,Female,1,No,No,28,Yes,Yes,Fiber optic,No,Yes,No,Yes,Yes,No,Month-to-month,Yes,Electronic check,128.3175,4504.55,Yes,2026-09-15T13:18:10.298532
3719-TDVQB,Female,1,Yes,No,32,Yes,No,No,No internet service,No internet service,No internet service,No internet service,No internet service,No internet service,Two year,Yes,Mailed check,25.5825,1031.1,No,2026-09-15T13:18:10.298532
4929-XIHVW,Male,1,Yes,No,1,Yes,No,Fiber optic,No,No,Yes,No,Yes,Yes,Month-to-month,Yes,Credit card (automatic),128.925,181.65,No,2026-09-15T13:18:10.298532
8106-GWQOK,Male,0,Yes,No,23,No,No phone service,DSL,Yes,Yes,No,Yes,Yes,Yes,Two year,Yes,Bank transfer (automatic),81.0,2193.2,No,2026-09-15T13:18:10.298532
4128-ETESU,Female,1,Yes,No,28,Yes,Yes,Fiber optic,No,No,Yes,No,Yes,Yes,Month-to-month,No,Electronic check,134.595,4747.2,No,2026-09-15T13:18:10.298532
0661-WCQNQ,Male,0,Yes,No,13,Yes,No,DSL,Yes,No,No,Yes,No,No,One year,Yes,Credit card (automatic),75.9375,1292.2,No,2026-09-15T13:18:10.298532
4927-WWOOZ,Male,0,Yes,No,1,Yes,Yes,Fiber optic,No,No,Yes,No,Yes,No,Month-to-month,Yes,Electronic check,123.45750000000001,171.45,No,2026-09-15T13:18:10.298532
7564-GHCVB,Female,0,Yes,Yes,43,Yes,Yes,Fiber optic,Yes,No,No,No,No,No,Two year,No,Bank transfer (automatic),106.7175,5730.7,No,2026-09-15T13:18:10.298532
3445-HXXGF,Male,1,Yes,No,35,No,No phone service,DSL,No,Yes,Yes,No,No,Yes,Month-to-month,Yes,Electronic check,61.155,2651.2,Yes,2026-09-15T13:18:10.298532
6670-MFRPK,Male,0,Yes,Yes,41,Yes,Yes,Fiber optic,No,No,Yes,No,No,No,Two year,Yes,Credit card (automatic),106.92000000000002,5420.65,No,2026-09-15T13:18:10.298532
6890-PFRQX,Male,0,No,No,11,Yes,Yes,DSL,Yes,No,Yes,No,Yes,No,Month-to-month,No,Mailed check,93.825,1199.4,No,2026-09-15T13:18:10.298532
1552-CZCLL,Female,0,Yes,Yes,33,Yes,No,No,No internet service,No internet service,No internet service,No internet service,No internet service,No internet service,Month-to-month,No,Credit card (automatic),27.0,1087.25,No,2026-09-15T13:18:10.298532
2014-MKGMH,Female,0,No,No,28,Yes,Yes,Fiber optic,No,No,Yes,No,Yes,Yes,One year,Yes,Electronic check,136.485,4674.4,No,2026-09-15T13:18:10.298532
0303-WMMRN,Male,0,No,No,3,Yes,No,No,No internet service,No internet service,No internet service,No internet service,No internet service,No internet service,Month-to-month,Yes,Mailed check,25.9875,86.05,No,2026-09-15T13:18:10.298532
3806-DXQOM,Female,0,No,No,2,No,No phone service,DSL,Yes,Yes,No,No,No,No,Month-to-month,Yes,Electronic check,45.4275,137.85,Yes,2026-09-15T13:18:10.298532
1724-BQUHA,Male,1,No,No,3,Yes,No,Fiber optic,No,No,No,No,Yes,Yes,Month-to-month,Yes,Electronic check,120.825,477.7,Yes,2026-09-15T13:18:10.298532
2580-ATZSQ,Female,0,Yes,Yes,39,Yes,No,DSL,Yes,Yes,Yes,No,No,No,One year,No,Bank transfer (automatic),82.8225,3874.1,No,2026-09-15T13:18:10.298532
7945-PRBVF,Male,0,No,No,21,Yes,No,No,No internet service,No internet service,No internet service,No internet service,No internet service,No internet service,Two year,No,Bank transfer (automatic),28.9575,705.45,No,2026-09-15T13:18:10.298532
3898-GUYTS,Female,1,No,No,27,Yes,Yes,Fiber optic,Yes,Yes,No,Yes,Yes,No,Month-to-month,Yes,Electronic check,131.0175,4385.05,No,2026-09-15T13:18:10.298532
2832-SCUCO,Female,0,No,No,1,Yes,No,No,No internet service,No internet service,No internet service,No internet service,No internet service,No internet service,Month-to-month,No,Electronic check,26.865,57.4,No,2026-09-15T13:18:10.298532
9779-DPNEJ,Female,0,Yes,Yes,13,Yes,No,Fiber optic,No,No,No,No,No,Yes,Month-to-month,Yes,Electronic check,108.20250000000001,1790.65,No,2026-09-15T13:18:10.298532
4915-BFSXL,Male,0,Yes,Yes,42,Yes,Yes,DSL,Yes,No,Yes,No,Yes,No,Two year,No,Credit card (automatic),93.08250000000001,4858.7,No,2026-09-15T13:18:10.298532
5018-LXQQG,Female,0,Yes,Yes,18,Yes,No,DSL,Yes,No,No,Yes,No,Yes,Month-to-month,No,Bank transfer (automatic),89.505,1923.5,No,2026-09-15T13:18:10.298532
1698-XFZCI,Male,0,No,No,37,Yes,Yes,Fiber optic,Yes,Yes,Yes,No,Yes,Yes,One year,Yes,Electronic check,145.4625,6521.9,No,2026-09-15T13:18:10.298532
1872-EBWSC,Female,0,No,No,17,Yes,No,No,No internet service,No internet service,No internet service,No internet service,No internet service,No internet service,One year,No,Mailed check,27.472500000000004,617.35,No,2026-09-15T13:18:10.298532
4446-BZKHU,Male,0,Yes,No,37,Yes,Yes,Fiber optic,No,Yes,Yes,No,Yes,Yes,Month-to-month,Yes,Electronic check,142.4925,6281.45,Yes,2026-09-15T13:18:10.298532
4607-CHPCA,Male,0,Yes,Yes,15,Yes,No,Fiber optic,No,No,No,No,Yes,Yes,One year,Yes,Electronic check,122.04000000000002,2178.6,Yes,2026-09-15T13:18:10.298532
9475-NNDGC,Male,0,Yes,No,43,Yes,Yes,Fiber optic,No,Yes,Yes,Yes,Yes,Yes,One year,Yes,Bank transfer (automatic),152.75250000000003,7953.25,No,2026-09-15T13:18:10.298532
3841-CONLJ,Female,0,Yes,No,1,No,No phone service,DSL,No,No,No,No,No,Yes,Month-to-month,No,Electronic check,47.25,35,No,2026-09-15T13:18:10.298532
2294-DMMUS,Female,0,Yes,Yes,37,Yes,Yes,DSL,No,No,No,No,Yes,Yes,Month-to-month,Yes,Credit card (automatic),95.10750000000002,4300.45,No,2026-09-15T13:18:10.298532
5921-NGYRH,Male,0,Yes,No,38,Yes,No,Fiber optic,Yes,No,No,No,No,No,Month-to-month,Yes,Mailed check,99.2925,4764,No,2026-09-15T13:18:10.298532
1897-OKVMW,Female,0,Yes,Yes,38,Yes,Yes,DSL,Yes,Yes,Yes,Yes,Yes,Yes,Two year,Yes,Mailed check,122.31,5817.45,No,2026-09-15T13:18:10.298532
5117-IFGPS,Male,1,Yes,No,17,Yes,Yes,Fiber optic,No,No,No,No,No,Yes,Month-to-month,Yes,Electronic check,113.805,2357.75,No,2026-09-15T13:18:10.298532
3866-MDTUB,Female,0,No,No,1,Yes,No,DSL,Yes,No,No,No,Yes,Yes,Month-to-month,Yes,Electronic check,95.5125,146.9,Yes,2026-09-15T13:18:10.298532
1194-SPVSP,Male,0,No,No,1,Yes,No,No,No internet service,No internet service,No internet service,No internet service,No internet service,No internet service,Month-to-month,No,Bank transfer (automatic),26.5275,19.65,No,2026-09-15T13:18:10.298532
6905-NIQIN,Male,0,No,No,1,Yes,No,DSL,No,Yes,No,No,No,No,Month-to-month,No,Mailed check,68.3775,50.65,Yes,2026-09-15T13:18:10.298532
6813-GZQCG,Female,0,Yes,Yes,27,Yes,Yes,No,No internet service,No internet service,No internet service,No internet service,No internet service,No internet service,Two year,Yes,Credit card (automatic),33.2775,1171.3,No,2026-09-15T13:18:10.298532
9896-UYMIE,Male,0,No,No,40,Yes,Yes,Fiber optic,Yes,Yes,Yes,Yes,Yes,Yes,One year,Yes,Bank transfer (automatic),154.305,7383.7,No,2026-09-15T13:18:10.298532
8849-GYOKR,Female,0,Yes,No,32,Yes,Yes,Fiber optic,Yes,Yes,No,No,Yes,Yes,One year,No,Bank transfer (automatic),143.8425,5763.3,Yes,2026-09-15T13:18:10.298532
5816-JMLGY,Female,0,Yes,Yes,42,Yes,No,DSL,No,Yes,Yes,Yes,Yes,Yes,Two year,Yes,Bank transfer (automatic),108.54000000000002,5717.85,No,2026-09-15T13:18:10.298532
3990-QYKBE,Male,1,Yes,No,22,Yes,Yes,Fiber optic,No,No,No,No,Yes,Yes,Month-to-month,Yes,Electronic check,124.87500000000001,3473.4,Yes,2026-09-15T13:18:10.298532
6161-UUUTA,Male,1,No,No,2,Yes,No,Fiber optic,No,No,No,No,Yes,No,Month-to-month,Yes,Electronic check,107.86500000000001,260.9,Yes,2026-09-15T13:18:10.298532
0396-UKGAI,Male,0,No,Yes,14,Yes,No,DSL,No,Yes,No,Yes,No,No,Month-to-month,Yes,Bank transfer (automatic),74.655,1284.2,No,2026-09-15T13:18:10.298532
0512-FLFDW,Female,1,Yes,No,36,Yes,Yes,Fiber optic,No,No,Yes,No,Yes,Yes,One year,Yes,Credit card (automatic),135.675,6029,No,2026-09-15T13:18:10.298532
2946-KIQSP,Female,0,No,No,21,No,No phone service,DSL,No,No,Yes,Yes,No,No,Month-to-month,Yes,Mailed check,45.157500000000006,1175.85,No,2026-09-15T13:18:10.298532
0187-WZNAB,Female,0,Yes,Yes,16,Yes,No,Fiber optic,Yes,No,No,No,No,No,Month-to-month,No,Mailed check,100.44000000000001,1972.35,No,2026-09-15T13:18:10.298532
6867-ACCZI,Female,0,Yes,Yes,14,No,No phone service,DSL,Yes,Yes,Yes,Yes,No,Yes,Two year,Yes,Mailed check,70.875,1208.15,No,2026-09-15T13:18:10.298532
7024-OHCCK,Female,1,No,No,1,Yes,Yes,Fiber optic,No,No,No,No,Yes,Yes,Month-to-month,Yes,Electronic check,126.6975,170.85,Yes,2026-09-15T13:18:10.298532
6481-OGDOO,Male,0,Yes,No,40,Yes,No,Fiber optic,Yes,Yes,No,No,No,Yes,One year,Yes,Credit card (automatic),122.31,6056.15,Yes,2026-09-15T13:18:10.298532
7377-DMMRI,Male,0,No,No,1,Yes,No,DSL,Yes,No,No,No,No,No,Month-to-month,Yes,Electronic check,64.53,92.45,Yes,2026-09-15T13:18:10.298532
1963-VAUKV,Female,0,No,No,1,Yes,No,No,No internet service,No internet service,No internet service,No internet service,No internet service,No internet service,Month-to-month,No,Mailed check,27.54,20.4,Yes,2026-09-15T13:18:10.298532
5919-TMRGD,Female,0,No,Yes,1,Yes,No,Fiber optic,No,No,No,No,Yes,No,Month-to-month,Yes,Electronic check,107.1225,79.35,Yes,2026-09-15T13:18:10.298532
6994-ORCWG,Female,0,No,No,8,Yes,Yes,DSL,No,Yes,No,No,No,No,One year,Yes,Mailed check,73.23750000000001,773.2,No,2026-09-15T13:18:10.298532
5144-TVGLP,Male,1,No,No,23,Yes,Yes,Fiber optic,No,No,No,No,Yes,Yes,Month-to-month,No,Electronic check,127.91250000000001,3653,No,2026-09-15T13:18:10.298532
0328-GRPMV,Female,0,No,No,1,Yes,No,Fiber optic,No,No,No,No,No,No,Month-to-month,Yes,Electronic check,94.635,70.1,Yes,2026-09-15T13:18:10.298532
2905-KFQUV,Female,0,Yes,No,1,Yes,No,Fiber optic,No,No,No,No,No,No,Month-to-month,Yes,Credit card (automatic),95.04000000000002,154.8,No,2026-09-15T13:18:10.298532
8637-XJIVR,Female,0,No,No,7,Yes,Yes,Fiber optic,Yes,No,No,No,No,No,Month-to-month,Yes,Electronic check,106.58250000000001,927.35,Yes,2026-09-15T13:18:10.298532
5150-LJNSR,Male,0,Yes,Yes,19,Yes,Yes,Fiber optic,Yes,No,Yes,No,Yes,No,One year,No,Bank transfer (automatic),132.3675,3082.1,No,2026-09-15T13:18:10.298532
4826-DXMUP,Male,0,No,Yes,21,Yes,No,DSL,No,No,No,Yes,Yes,Yes,One year,Yes,Mailed check,97.335,2495.15,No,2026-09-15T13:18:10.298532
3518-FSTWG,Male,1,Yes,No,43,Yes,Yes,Fiber optic,Yes,Yes,Yes,No,Yes,Yes,Two year,Yes,Bank transfer (automatic),147.8925,7920.7,No,2026-09-15T13:18:10.298532
2929-ERCFZ,Female,0,Yes,Yes,5,Yes,No,Fiber optic,No,No,Yes,No,Yes,Yes,Month-to-month,Yes,Electronic check,127.17000000000002,777.3,Yes,2026-09-15T13:18:10.298532
1455-UGQVH,Male,0,Yes,No,6,Yes,Yes,Fiber optic,No,No,Yes,No,Yes,Yes,Month-to-month,Yes,Electronic check,132.97500000000002,1037.75,Yes,2026-09-15T13:18:10.298532
8485-GJCDN,Female,1,No,No,3,Yes,No,Fiber optic,No,No,No,No,No,No,Month-to-month,Yes,Mailed check,93.2175,318.5,Yes,2026-09-15T13:18:10.298532
0459-SPZHJ,Male,0,Yes,Yes,38,Yes,Yes,DSL,Yes,Yes,Yes,No,Yes,Yes,Two year,No,Credit card (automatic),112.72500000000001,5435,No,2026-09-15T13:18:10.298532
2169-RRLFW,Female,0,Yes,No,43,Yes,Yes,No,No internet service,No internet service,No internet service,No internet service,No internet service,No internet service,Two year,No,Credit card (automatic),34.56,1888.25,No,2026-09-15T13:18:10.298532
8818-DOPVL,Female,1,No,No,28,Yes,Yes,Fiber optic,No,Yes,Yes,No,Yes,Yes,Month-to-month,Yes,Electronic check,141.00750000000002,4863.85,No,2026-09-15T13:18:10.298532
1207-BLKSA,Female,0,Yes,Yes,31,Yes,Yes,No,No internet service,No internet service,No internet service,No internet service,No internet service,No internet service,Two year,No,Mailed check,31.117500000000003,1255.1,No,2026-09-15T13:18:10.298532
7593-XFKDI,Male,0,No,No,1,Yes,No,DSL,No,No,No,No,No,No,Month-to-month,No,Mailed check,62.505,46.3,Yes,2026-09-15T13:18:10.298532
5393-RXQSZ,Male,0,No,No,1,Yes,No,Fiber optic,No,No,No,No,No,Yes,Month-to-month,No,Electronic check,107.46,79.6,Yes,2026-09-15T13:18:10.298532
5183-KLYEM,Female,0,No,No,43,Yes,Yes,Fiber optic,Yes,Yes,Yes,Yes,Yes,Yes,Two year,Yes,Credit card (automatic),152.2125,8192.6,No,2026-09-15T13:18:10.298532
0923-PNFUB,Female,0,No,No,2,Yes,No,Fiber optic,No,Yes,No,No,Yes,No,Month-to-month,No,Electronic check,113.06250000000001,247.25,Yes,2026-09-15T13:18:10.298532
4134-BSXLX,Male,0,Yes,No,17,Yes,No,DSL,Yes,Yes,No,Yes,No,No,Month-to-month,No,Mailed check,82.215,1785.65,No,2026-09-15T13:18:10.298532
1452-XRSJV,Female,0,Yes,Yes,23,Yes,No,DSL,Yes,No,No,No,No,No,Month-to-month,No,Credit card (automatic),68.9175,2066,No,2026-09-15T13:18:10.298532
4213-HKBJO,Female,0,No,No,20,Yes,Yes,No,No internet service,No internet service,No internet service,No internet service,No internet service,No internet service,Two year,No,Credit card (automatic),34.695,826.1,No,2026-09-15T13:18:10.298532
7750-EYXWZ,Female,0,No,No,7,No,No phone service,DSL,No,Yes,Yes,Yes,Yes,Yes,One year,No,Electronic check,81.8775,743.3,No,2026-09-15T13:18:10.298532
7180-PISOG,Male,0,Yes,Yes,1,Yes,Yes,Fiber optic,No,No,No,No,No,No,Month-to-month,Yes,Electronic check,100.575,74.5,Yes,2026-09-15T13:18:10.298532
1356-MKYSK,Male,0,No,No,4,Yes,No,DSL,Yes,No,Yes,Yes,Yes,Yes,Month-to-month,No,Credit card (automatic),106.17750000000001,483.3,No,2026-09-15T13:18:10.298532
1212-GLHMD,Male,0,No,No,2,Yes,No,Fiber optic,Yes,No,No,No,No,Yes,Month-to-month,Yes,Mailed check,116.1675,244.85,No,2026-09-15T13:18:10.298532
7228-OMTPN,Male,0,No,No,2,Yes,No,Fiber optic,No,No,No,No,Yes,Yes,Month-to-month,Yes,Electronic check,119.40750000000001,370.65,Yes,2026-09-15T13:18:10.298532
7682-AZNDK,Male,0,Yes,Yes,20,Yes,No,Fiber optic,No,Yes,Yes,No,Yes,No,Month-to-month,Yes,Electronic check,121.2975,3091.75,No,2026-09-15T13:18:10.298532
6286-SUUWT,Male,0,No,No,1,Yes,No,No,No internet service,No internet service,No internet service,No internet service,No internet service,No internet service,Month-to-month,No,Mailed check,26.9325,19.95,No,2026-09-15T13:18:10.298532
3500-RMZLT,Female,1,No,No,9,Yes,No,Fiber optic,Yes,No,Yes,Yes,No,Yes,Month-to-month,Yes,Mailed check,130.005,1426.75,Yes,2026-09-15T13:18:10.298532
4729-XKASR,Male,0,No,Yes,1,No,No phone service,DSL,No,No,No,No,No,No,Month-to-month,No,Electronic check,33.4125,24.75,Yes,2026-09-15T13:18:10.298532
8364-TRMMK,Female,0,No,No,2,Yes,Yes,DSL,No,No,No,No,No,No,Month-to-month,Yes,Mailed check,68.3775,151.3,Yes,2026-09-15T13:18:10.298532
1000-AJSLD,Male,0,No,No,1,Yes,No,No,No internet service,No internet service,No internet service,No internet service,No internet service,No internet service,Month-to-month,Yes,Mailed check,27.135000000000005,20.1,Yes,2026-09-15T13:18:10.298532
4393-OBCRR,Female,0,No,No,2,Yes,No,No,No internet service,No internet service,No internet service,No internet service,No internet service,No internet service,One year,No,Mailed check,27.337500000000002,71.2,No,2026-09-15T13:18:10.298532
0942-KOWSM,Female,0,Yes,Yes,18,Yes,No,DSL,No,Yes,Yes,Yes,Yes,Yes,Two year,No,Bank transfer (automatic),109.08,2369.3,No,2026-09-15T13:18:10.298532
0870-VEMYL,Female,0,No,No,3,Yes,No,DSL,Yes,No,No,Yes,No,No,Month-to-month,No,Credit card (automatic),72.6975,259.8,Yes,2026-09-15T13:18:10.298532
3454-JFUBC,Male,1,No,No,41,Yes,No,No,No internet service,No internet service,No internet service,No internet service,No internet service,No internet service,Two year,Yes,Credit card (automatic),27.0,1396,No,2026-09-15T13:18:10.298532
2592-YKDIF,Female,0,No,No,1,Yes,No,No,No internet service,No internet service,No internet service,No internet service,No internet service,No internet service,Month-to-month,No,Mailed check,27.472500000000004,20.35,No,2026-09-15T13:18:10.298532
6941-PMGEP,Female,0,No,No,3,Yes,No,Fiber optic,No,No,No,No,No,Yes,Month-to-month,Yes,Electronic check,108.0,412.5,Yes,2026-09-15T13:18:10.298532
0511-JTEOY,Female,0,No,No,1,Yes,No,Fiber optic,No,No,No,No,No,No,Month-to-month,No,Mailed check,95.985,71.1,Yes,2026-09-15T13:18:10.298532
4323-ELYYB,Male,0,Yes,Yes,8,Yes,No,No,No internet service,No internet service,No internet service,No internet service,No internet service,No internet service,One year,No,Mailed check,27.0,218.55,No,2026-09-15T13:18:10.298532
9500-LTVBP,Female,0,No,No,21,Yes,Yes,Fiber optic,No,No,No,Yes,No,No,Month-to-month,No,Credit card (automatic),108.06750000000001,2835.9,No,2026-09-15T13:18:10.298532
8120-JDCAM,Male,0,Yes,Yes,2,Yes,No,Fiber optic,No,No,No,No,No,No,Month-to-month,Yes,Mailed check,93.8925,284.9,No,2026-09-15T13:18:10.298532
1335-NTIUC,Male,0,No,No,5,No,No phone service,DSL,No,No,No,No,No,No,Month-to-month,Yes,Electronic check,33.682500000000005,190.25,No,2026-09-15T13:18:10.298532
6563-VNPMN,Female,1,No,No,27,Yes,No,Fiber optic,Yes,Yes,No,Yes,No,No,Month-to-month,Yes,Bank transfer (automatic),115.69500000000001,3778.1,No,2026-09-15T13:18:10.298532
0668-OGMHD,Female,0,Yes,No,13,No,No phone service,DSL,Yes,No,No,No,No,No,Month-to-month,No,Electronic check,38.475,629.35,No,2026-09-15T13:18:10.298532
0311-UNPFF,Female,0,No,No,16,Yes,No,Fiber optic,No,No,No,No,Yes,Yes,Month-to-month,Yes,Bank transfer (automatic),119.88000000000001,2274.35,Yes,2026-09-15T13:18:10.298532
9282-IZGQK,Female,0,No,No,1,Yes,Yes,Fiber optic,No,No,No,No,No,Yes,Month-to-month,Yes,Electronic check,114.75000000000001,85,Yes,2026-09-15T13:18:10.298532
4695-WJZUE,Female,1,No,No,1,Yes,Yes,Fiber optic,No,No,Yes,No,No,Yes,Month-to-month,Yes,Electronic check,119.5425,179.25,Yes,2026-09-15T13:18:10.298532
5527-ACHSO,Female,0,No,No,7,Yes,No,DSL,No,No,No,Yes,Yes,Yes,Month-to-month,No,Mailed check,95.17500000000001,829.3,No,2026-09-15T13:18:10.298532
5140-FOMCQ,Female,0,Yes,No,35,Yes,Yes,Fiber optic,Yes,Yes,Yes,No,Yes,Yes,One year,Yes,Credit card (automatic),147.35250000000002,6557.75,No,2026-09-15T13:18:10.298532
0410-IPFTY,Female,0,Yes,No,19,Yes,No,Fiber optic,No,Yes,No,No,No,Yes,Month-to-month,Yes,Bank transfer (automatic),113.1975,2674.15,No,2026-09-15T13:18:10.298532
1333-PBMXB,Female,0,Yes,Yes,32,Yes,Yes,No,No internet service,No internet service,No internet service,No internet service,No internet service,No internet service,One year,Yes,Bank transfer (automatic),33.4125,1342.15,No,2026-09-15T13:18:10.298532
1915-OAKWD,Female,0,No,Yes,10,Yes,No,No,No internet service,No internet service,No internet service,No internet service,No internet service,No internet service,One year,Yes,Bank transfer (automatic),26.055000000000003,360.35,No,2026-09-15T13:18:10.298532
5707-ORNDZ,Male,1,No,No,5,Yes,Yes,DSL,Yes,No,No,No,No,No,Month-to-month,No,Electronic check,73.6425,494.05,Yes,2026-09-15T13:18:10.298532
7969-AULMZ,Female,0,No,No,13,Yes,Yes,Fiber optic,No,No,No,No,Yes,Yes,Month-to-month,Yes,Electronic check,131.4225,2119.5,Yes,2026-09-15T13:18:10.298532
2700-LUEVA,Male,0,No,No,1,Yes,No,No,No internet service,No internet service,No internet service,No internet service,No internet service,No internet service,Month-to-month,No,Credit card (automatic),28.012500000000003,20.75,No,2026-09-15T13:18:10.298532
9099-FTUHS,Female,0,No,No,14,Yes,Yes,DSL,Yes,No,No,No,No,No,Month-to-month,No,Electronic check,73.44,1249.25,No,2026-09-15T13:18:10.298532
8699-ASUFO,Male,1,Yes,No,4,Yes,Yes,Fiber optic,No,No,No,No,No,No,Month-to-month,Yes,Mailed check,100.44000000000001,527.9,Yes,2026-09-15T13:18:10.298532
7181-OQCUT,Male,0,No,No,13,Yes,Yes,Fiber optic,Yes,No,Yes,No,Yes,Yes,Month-to-month,No,Mailed check,140.1975,2215,No,2026-09-15T13:18:10.298532
3096-YXENJ,Female,0,Yes,No,39,Yes,Yes,Fiber optic,No,Yes,Yes,Yes,Yes,Yes,Two year,Yes,Bank transfer (automatic),145.32750000000001,7082.85,No,2026-09-15T13:18:10.298532
2495-INZWQ,Male,0,No,No,2,No,No phone service,DSL,No,No,No,No,Yes,Yes,Month-to-month,Yes,Electronic check,60.1425,174.3,Yes,2026-09-15T13:18:10.298532
2193-SFWQW,Male,0,Yes,Yes,43,Yes,No,Fiber optic,Yes,Yes,Yes,Yes,Yes,Yes,Two year,No,Bank transfer (automatic),151.13250000000002,8033.1,No,2026-09-15T13:18:10.298532
3908-MKIMJ,Male,1,Yes,No,41,No,No phone service,DSL,Yes,Yes,Yes,No,No,No,Two year,Yes,Electronic check,56.63250000000001,2965.75,No,2026-09-15T13:18:10.298532
6736-DHUQI,Female,0,Yes,Yes,40,Yes,No,Fiber optic,Yes,Yes,Yes,No,No,No,One year,No,Bank transfer (automatic),114.48,5598.3,No,2026-09-15T13:18:10.298532
2868-MZAGQ,Male,0,No,No,1,Yes,No,Fiber optic,No,No,No,No,No,Yes,Month-to-month,Yes,Electronic check,106.98750000000001,79.25,Yes,2026-09-15T13:18:10.298532
8905-IAZPF,Female,0,Yes,No,41,Yes,No,Fiber optic,No,Yes,No,No,Yes,Yes,One year,Yes,Credit card (automatic),129.12750000000003,6744.2,No,2026-09-15T13:18:10.298532
1215-FIGMP,Male,0,No,No,36,Yes,Yes,Fiber optic,No,Yes,No,No,Yes,No,Month-to-month,Yes,Bank transfer (automatic),121.36500000000001,5450.7,No,2026-09-15T13:18:10.298532
0772-GYEQQ,Male,0,No,No,2,Yes,No,Fiber optic,No,No,Yes,Yes,Yes,No,Month-to-month,Yes,Mailed check,119.2725,262.05,Yes,2026-09-15T13:18:10.298532
9995-HOTOH,Male,0,Yes,Yes,38,No,No phone service,DSL,Yes,Yes,Yes,No,Yes,Yes,Two year,No,Electronic check,79.65,3707.6,No,2026-09-15T13:18:10.298532
7579-KKLOE,Male,0,Yes,Yes,43,Yes,Yes,DSL,Yes,Yes,Yes,Yes,Yes,Yes,Two year,Yes,Mailed check,123.18750000000001,6589.6,No,2026-09-15T13:18:10.298532
3594-UVONA,Female,0,No,No,21,Yes,Yes,DSL,Yes,No,Yes,Yes,Yes,Yes,One year,Yes,Credit card (automatic),116.03250000000001,3110.1,Yes,2026-09-15T13:18:10.298532
6641-XRPSU,Female,0,No,No,20,Yes,No,Fiber optic,No,No,No,No,No,No,Month-to-month,Yes,Credit card (automatic),94.5,2416.1,Yes,2026-09-15T13:18:10.298532
5707-ZMDJP,Male,0,Yes,Yes,32,Yes,No,DSL,Yes,Yes,No,Yes,Yes,No,Two year,Yes,Mailed check,94.09500000000001,3729.6,No,2026-09-15T13:18:10.298532
3307-TLCUD,Male,0,Yes,No,10,No,No phone service,DSL,Yes,No,Yes,No,No,No,Month-to-month,No,Mailed check,46.44,592.75,No,2026-09-15T13:18:10.298532
4797-AXPXK,Female,0,No,Yes,1,Yes,No,DSL,Yes,Yes,No,Yes,No,No,Month-to-month,Yes,Electronic check,81.0,60,Yes,2026-09-15T13:18:10.298532
4869-EPIUS,Male,0,Yes,No,34,Yes,No,Fiber optic,No,No,No,No,No,Yes,One year,Yes,Electronic check,109.21500000000002,4557.5,No,2026-09-15T13:18:10.298532
8563-IIOXK,Male,0,Yes,Yes,4,Yes,No,DSL,Yes,No,No,No,No,No,One year,Yes,Electronic check,67.16250000000001,331.3,Yes,2026-09-15T13:18:10.298532
2773-OVBPK,Male,0,Yes,No,40,Yes,Yes,Fiber optic,No,Yes,Yes,Yes,Yes,Yes,Two year,Yes,Bank transfer (automatic),150.255,7567.2,No,2026-09-15T13:18:10.298532
1353-LJWEM,Male,0,No,No,7,Yes,No,DSL,No,Yes,Yes,Yes,No,No,Month-to-month,Yes,Electronic check,82.215,688.5,No,2026-09-15T13:18:10.298532
5868-YTYKS,Male,0,No,Yes,1,Yes,No,No,No internet service,No internet service,No internet service,No internet service,No internet service,No internet service,Month-to-month,Yes,Mailed check,27.337500000000002,20.25,No,2026-09-15T13:18:10.298532
8713-IGZSO,Male,0,No,No,1,Yes,Yes,No,No internet service,No internet service,No internet service,No internet service,No internet service,No internet service,Month-to-month,No,Mailed check,33.54750000000001,62,No,2026-09-15T13:18:10.298532
6050-FFXES,Female,0,Yes,No,41,Yes,Yes,Fiber optic,No,No,Yes,Yes,Yes,Yes,Two year,No,Bank transfer (automatic),142.2225,7240.65,No,2026-09-15T13:18:10.298532
9300-RENDD,Male,0,No,No,1,Yes,No,Fiber optic,No,No,No,No,Yes,No,Month-to-month,Yes,Electronic check,107.9325,79.95,Yes,2026-09-15T13:18:10.298532
4183-MYFRB,Female,0,No,No,13,Yes,No,Fiber optic,No,Yes,Yes,No,No,Yes,Month-to-month,Yes,Electronic check,121.56750000000001,1862.9,No,2026-09-15T13:18:10.298532
3339-EAQNV,Male,1,Yes,No,43,Yes,Yes,Fiber optic,No,Yes,No,No,Yes,Yes,One year,Yes,Credit card (automatic),131.28750000000002,7133.1,No,2026-09-15T13:18:10.298532
2545-EBUPK,Female,1,No,No,1,Yes,Yes,Fiber optic,No,No,No,No,No,Yes,Month-to-month,Yes,Electronic check,113.4675,186.05,No,2026-09-15T13:18:10.298532
4990-ALDGW,Male,0,No,No,34,Yes,No,No,No internet service,No internet service,No internet service,No internet service,No internet service,No internet service,Two year,No,Mailed check,28.012500000000003,1118.8,No,2026-09-15T13:18:10.298532
0970-ETWGE,Male,0,No,No,1,Yes,No,Fiber optic,No,No,No,No,Yes,Yes,Month-to-month,Yes,Electronic check,120.8925,89.55,Yes,2026-09-15T13:18:10.298532
3671-SHRSP,Male,0,Yes,No,2,Yes,No,Fiber optic,No,No,Yes,Yes,No,No,Month-to-month,Yes,Mailed check,108.81,319.15,Yes,2026-09-15T13:18:10.298532
2308-STERM,Female,0,No,No,1,Yes,No,No,No internet service,No internet service,No internet service,No internet service,No internet service,No internet service,Month-to-month,No,Mailed check,26.19,61.05,No,2026-09-15T13:18:10.298532
1219-NNDDO,Female,0,No,No,5,Yes,Yes,Fiber optic,No,No,No,No,No,No,Month-to-month,Yes,Electronic check,103.7475,663.55,No,2026-09-15T13:18:10.298532
3508-CFVZL,Female,0,No,No,43,Yes,Yes,Fiber optic,Yes,Yes,Yes,Yes,Yes,Yes,Two year,No,Mailed check,150.255,7985.9,No,2026-09-15T13:18:10.298532
3387-PLKUI,Female,0,Yes,Yes,8,Yes,No,No,No internet service,No internet service,No internet service,No internet service,No internet service,No internet service,Month-to-month,No,Mailed check,25.380000000000003,251.25,No,2026-09-15T13:18:10.298532
9702-AIUJO,Male,0,Yes,Yes,30,Yes,No,DSL,No,No,No,No,No,No,One year,Yes,Bank transfer (automatic),60.48,2230.85,No,2026-09-15T13:18:10.298532
8337-UPOAQ,Male,1,Yes,No,6,Yes,Yes,Fiber optic,No,No,Yes,No,No,Yes,Month-to-month,Yes,Electronic check,121.23,914.3,Yes,2026-09-15T13:18:10.298532
1728-CXQBE,Male,1,Yes,No,38,Yes,Yes,Fiber optic,No,Yes,Yes,No,No,Yes,Month-to-month,Yes,Electronic check,127.23750000000001,6081.4,No,2026-09-15T13:18:10.298532
5134-IKDAY,Female,0,Yes,Yes,1,Yes,No,Fiber optic,No,No,No,No,No,No,Month-to-month,Yes,Electronic check,94.23,69.8,Yes,2026-09-15T13:18:10.298532
9638-JIQYA,Male,0,No,No,1,No,No phone service,DSL,No,No,No,No,No,No,Month-to-month,Yes,Credit card (automatic),33.615,49.7,No,2026-09-15T13:18:10.298532
6647-ZEDXT,Female,0,No,No,18,Yes,Yes,Fiber optic,No,Yes,Yes,Yes,Yes,Yes,One year,No,Credit card (automatic),149.10750000000002,3327.05,No,2026-09-15T13:18:10.298532
1579-KLYDT,Male,0,No,No,4,Yes,Yes,Fiber optic,No,No,Yes,No,Yes,No,Month-to-month,Yes,Electronic check,122.10750000000002,593.45,Yes,2026-09-15T13:18:10.298532
3985-HOYPM,Male,0,No,No,16,Yes,No,No,No internet service,No internet service,No internet service,No internet service,No internet service,No internet service,One year,No,Mailed check,26.19,525.55,No,2026-09-15T13:18:10.298532
6705-LNMDD,Male,0,No,No,12,Yes,No,DSL,No,No,No,Yes,No,No,Month-to-month,No,Mailed check,67.5,1003.05,No,2026-09-15T13:18:10.298532
6917-FIJHC,Female,0,Yes,No,43,Yes,Yes,No,No internet service,No internet service,No internet service,No internet service,No internet service,No internet service,Two year,Yes,Mailed check,35.1,1776,No,2026-09-15T13:18:10.298532
4640-UHDOS,Female,0,Yes,Yes,8,Yes,No,DSL,No,No,No,No,No,Yes,Month-to-month,No,Electronic check,75.53250000000001,734.35,Yes,2026-09-15T13:18:10.298532
1414-YADCW,Male,0,Yes,No,42,Yes,No,Fiber optic,Yes,Yes,No,Yes,No,No,Two year,No,Bank transfer (automatic),114.21,5706.2,No,2026-09-15T13:18:10.298532
5960-MVTUK,Male,0,No,No,2,No,No phone service,DSL,No,No,No,Yes,No,No,Month-to-month,Yes,Electronic check,40.1625,96.85,No,2026-09-15T13:18:10.298532
0637-KVDLV,Male,0,No,No,1,Yes,Yes,Fiber optic,No,No,No,No,No,No,Month-to-month,Yes,Electronic check,103.275,162.45,Yes,2026-09-15T13:18:10.298532
5451-YHYPW,Female,1,Yes,No,43,Yes,Yes,Fiber optic,Yes,Yes,Yes,Yes,Yes,Yes,Two year,Yes,Credit card (automatic),156.26250000000002,8443.7,No,2026-09-15T13:18:10.298532
5813-UECBU,Male,1,No,No,20,Yes,Yes,Fiber optic,No,Yes,Yes,No,No,No,Month-to-month,Yes,Credit card (automatic),113.1975,2716.3,Yes,2026-09-15T13:18:10.298532
9947-OTFQU,Male,1,No,No,9,Yes,No,Fiber optic,No,Yes,No,No,No,No,Month-to-month,Yes,Electronic check,100.44000000000001,1074.3,Yes,2026-09-15T13:18:10.298532
1816-FLZDK,Male,0,No,No,1,No,No phone service,DSL,No,No,No,Yes,No,No,Month-to-month,No,Mailed check,39.3525,29.15,No,2026-09-15T13:18:10.298532
3005-NFMTA,Male,1,No,No,33,Yes,Yes,Fiber optic,Yes,No,No,No,Yes,Yes,Month-to-month,Yes,Electronic check,133.38,5617.75,Yes,2026-09-15T13:18:10.298532
4710-NKCAW,Male,0,Yes,Yes,3,Yes,Yes,DSL,Yes,Yes,No,Yes,No,No,Month-to-month,No,Credit card (automatic),86.94000000000001,316.9,No,2026-09-15T13:18:10.298532
4290-BSXUX,Male,0,Yes,No,2,Yes,Yes,Fiber optic,No,No,No,Yes,No,No,Month-to-month,Yes,Bank transfer (automatic),107.52750000000002,251.75,Yes,2026-09-15T13:18:10.298532
6266-QHOJZ,Female,0,No,No,39,Yes,Yes,Fiber optic,Yes,Yes,No,Yes,No,No,One year,Yes,Electronic check,121.2975,5844.65,No,2026-09-15T13:18:10.298532
6047-SUHPR,Male,0,Yes,Yes,23,Yes,No,DSL,Yes,Yes,Yes,No,No,No,One year,No,Electronic check,80.73,2343.85,No,2026-09-15T13:18:10.298532
6010-DDPPW,Male,0,Yes,No,42,Yes,Yes,No,No internet service,No internet service,No internet service,No internet service,No internet service,No internet service,Two year,No,Bank transfer (automatic),33.9525,1940.85,No,2026-09-15T13:18:10.298532
4374-YMUSQ,Male,0,No,No,20,Yes,Yes,Fiber optic,Yes,Yes,Yes,Yes,Yes,Yes,One year,No,Credit card (automatic),156.9375,3899.05,No,2026-09-15T13:18:10.298532
1958-RNRKS,Male,0,Yes,No,18,Yes,Yes,DSL,No,No,No,No,No,No,Month-to-month,No,Electronic check,67.36500000000001,1441.95,No,2026-09-15T13:18:10.298532
7176-WIONM,Female,0,Yes,No,7,No,No phone service,DSL,No,No,Yes,No,Yes,Yes,Month-to-month,Yes,Bank transfer (automatic),67.2975,617.15,No,2026-09-15T13:18:10.298532
9483-GCPWE,Male,0,No,Yes,5,Yes,No,No,No internet service,No internet service,No internet service,No internet service,No internet service,No internet service,One year,No,Mailed check,27.135000000000005,190.25,No,2026-09-15T13:18:10.298532
1264-FUHCX,Female,0,Yes,No,29,No,No phone service,DSL,No,Yes,No,Yes,Yes,Yes,One year,Yes,Credit card (automatic),76.005,2780.6,No,2026-09-15T13:18:10.298532
8887-IPQNC,Female,0,Yes,No,4,Yes,No,DSL,No,No,No,No,No,No,Month-to-month,Yes,Mailed check,59.737500000000004,313.45,No,2026-09-15T13:18:10.298532
2921-XWDJH,Female,1,Yes,No,23,Yes,No,Fiber optic,Yes,No,No,No,No,Yes,Month-to-month,Yes,Electronic check,112.65750000000001,3147.15,No,2026-09-15T13:18:10.298532
5574-NXZIU,Male,0,No,No,38,Yes,No,Fiber optic,Yes,Yes,Yes,Yes,Yes,Yes,Two year,No,Credit card (automatic),147.42000000000002,7049.75,No,2026-09-15T13:18:10.298532
8644-XLFBW,Male,1,No,No,1,Yes,No,Fiber optic,No,No,No,No,No,No,Month-to-month,Yes,Electronic check,96.72750000000002,71.65,Yes,2026-09-15T13:18:10.298532
4811-JBUVU,Male,0,No,No,18,Yes,Yes,Fiber optic,No,No,No,Yes,No,Yes,Month-to-month,Yes,Credit card (automatic),121.36500000000001,2723.15,No,2026-09-15T13:18:10.298532
8970-ANWXO,Female,0,No,No,14,Yes,Yes,DSL,No,No,No,Yes,Yes,Yes,One year,Yes,Mailed check,99.5625,1756.6,No,2026-09-15T13:18:10.298532
0602-DDUML,Female,0,No,No,34,Yes,No,DSL,No,Yes,Yes,Yes,Yes,No,Two year,No,Mailed check,94.16250000000001,3894.4,No,2026-09-15T13:18:10.298532
